{
  "uuid": "b62cb28e-e3e0-30e0-9e22-d2859332c8f3",
  "starterPrompted": true,
  "starterLocked": false,
  "starterSelected": true,
  "starterUUID": "d47dfdb9-0e1e-4256-bc22-8115ddc7459f",
  "keyItems": [],
  "battleTheme": "cobblemon:battle.pvp.default",
  "extraData": {
    "cobbledex_discovery": {
      "registers": {
        "scorbunny": {
          "normal": {
            "isShiny": false,
            "status": "CAUGHT",
            "discoveredTimestamp": 1726149241766,
            "caughtTimestamp": 1726149241766
          }
        },
        "carvanha": {
          "normal": {
            "isShiny": false,
            "status": "CAUGHT",
            "discoveredTimestamp": 1726253822877,
            "caughtTimestamp": 1726253822877
          }
        },
        "staryu": {
          "normal": {
            "isShiny": false,
            "status": "CAUGHT",
            "discoveredTimestamp": 1726254188511,
            "caughtTimestamp": 1726254188511
          }
        },
        "mankey": {
          "normal": {
            "isShiny": false,
            "status": "CAUGHT",
            "discoveredTimestamp": 1726254886815,
            "caughtTimestamp": 1726254886815
          }
        },
        "diglett": {
          "normal": {
            "isShiny": false,
            "status": "CAUGHT",
            "discoveredTimestamp": 1726255255464,
            "caughtTimestamp": 1726255255464
          }
        },
        "taillow": {
          "normal": {
            "isShiny": false,
            "status": "CAUGHT",
            "discoveredTimestamp": 1726278086822,
            "caughtTimestamp": 1726278086822
          }
        },
        "bunnelby": {
          "normal": {
            "isShiny": false,
            "status": "CAUGHT",
            "discoveredTimestamp": 1726278188620,
            "caughtTimestamp": 1726278188620
          }
        },
        "buizel": {
          "normal": {
            "isShiny": false,
            "status": "CAUGHT",
            "discoveredTimestamp": 1726278589106,
            "caughtTimestamp": 1726278589106
          }
        },
        "oddish": {
          "normal": {
            "isShiny": false,
            "status": "CAUGHT",
            "discoveredTimestamp": 1726278821503,
            "caughtTimestamp": 1726278821503
          }
        },
        "crabrawler": {
          "normal": {
            "isShiny": false,
            "status": "CAUGHT",
            "discoveredTimestamp": 1726278881300,
            "caughtTimestamp": 1726278881300
          }
        },
        "darumaka": {
          "normal": {
            "isShiny": false,
            "status": "CAUGHT",
            "discoveredTimestamp": 1726279423450,
            "caughtTimestamp": 1726279423450
          }
        },
        "stufful": {
          "normal": {
            "isShiny": false,
            "status": "CAUGHT",
            "discoveredTimestamp": 1726279536058,
            "caughtTimestamp": 1726279536058
          }
        }
      },
      "name": "cobbledex_discovery"
    },
    "Cobbledex_RewardHistory": {
      "received": [],
      "name": "Cobbledex_RewardHistory"
    }
  },
  "advancementData": {
    "totalCaptureCount": 11,
    "totalEggsHatched": 0,
    "totalEvolvedCount": 0,
    "totalBattleVictoryCount": 44,
    "totalPvPBattleVictoryCount": 0,
    "totalPvWBattleVictoryCount": 41,
    "totalPvNBattleVictoryCount": 3,
    "totalShinyCaptureCount": 0,
    "totalTradedCount": 0,
    "totalTypeCaptureCounts": {
      "water": 3,
      "dark": 1,
      "fighting": 3,
      "ground": 1,
      "normal": 3,
      "flying": 1,
      "grass": 1,
      "poison": 1,
      "fire": 1
    },
    "totalDefeatedCounts": {
      "cobblemon:lechonk": 3,
      "cobblemon:deerling": 1,
      "cobblemon:bounsweet": 2,
      "cobblemon:fomantis": 1,
      "cobblemon:bellsprout": 3,
      "cobblemon:oddish": 2,
      "cobblemon:exeggcute": 1,
      "cobblemon:stufful": 1,
      "cobblemon:mankey": 1,
      "cobblemon:zigzagoon": 1,
      "cobblemon:buneary": 4,
      "cobblemon:bonsly": 1,
      "cobblemon:sentret": 6,
      "cobblemon:bunnelby": 1,
      "cobblemon:bidoof": 1,
      "cobblemon:psyduck": 1,
      "cobblemon:krabby": 1
    },
    "aspectsCollected": {}
  }
}