{
  "uuid": "b62cb28e-e3e0-30e0-9e22-d2859332c8f3",
  "starterPrompted": true,
  "starterLocked": false,
  "starterSelected": true,
  "starterUUID": "d47dfdb9-0e1e-4256-bc22-8115ddc7459f",
  "keyItems": [],
  "battleTheme": "cobblemon:battle.pvp.default",
  "extraData": {
    "cobbledex_discovery": {
      "registers": {
        "scorbunny": {
          "normal": {
            "isShiny": false,
            "status": "CAUGHT",
            "discoveredTimestamp": 1726149241766,
            "caughtTimestamp": 1726149241766
          }
        },
        "carvanha": {
          "normal": {
            "isShiny": false,
            "status": "CAUGHT",
            "discoveredTimestamp": 1726253822877,
            "caughtTimestamp": 1726253822877
          }
        }
      },
      "name": "cobbledex_discovery"
    },
    "Cobbledex_RewardHistory": {
      "received": [],
      "name": "Cobbledex_RewardHistory"
    }
  },
  "advancementData": {
    "totalCaptureCount": 1,
    "totalEggsHatched": 0,
    "totalEvolvedCount": 0,
    "totalBattleVictoryCount": 16,
    "totalPvPBattleVictoryCount": 0,
    "totalPvWBattleVictoryCount": 14,
    "totalPvNBattleVictoryCount": 2,
    "totalShinyCaptureCount": 0,
    "totalTradedCount": 0,
    "totalTypeCaptureCounts": {
      "water": 1,
      "dark": 1
    },
    "totalDefeatedCounts": {
      "cobblemon:lechonk": 2,
      "cobblemon:deerling": 1,
      "cobblemon:bounsweet": 2,
      "cobblemon:fomantis": 1,
      "cobblemon:bellsprout": 3,
      "cobblemon:oddish": 2,
      "cobblemon:exeggcute": 1,
      "cobblemon:stufful": 1
    },
    "aspectsCollected": {}
  }
}