{
  "registers": {
    "diggersby": {
      "normal": {
        "isShiny": false,
        "status": "CAUGHT",
        "discoveredTimestamp": 1726049223947,
        "caughtTimestamp": 1726049223947
      }
    },
    "bunnelby": {
      "normal": {
        "isShiny": false,
        "status": "CAUGHT",
        "discoveredTimestamp": 1726049279200,
        "caughtTimestamp": 1726049279200
      }
    },
    "oinkologne": {
      "normal": {
        "isShiny": false,
        "status": "CAUGHT",
        "discoveredTimestamp": 1726126101557,
        "caughtTimestamp": 1726126101557
      }
    },
    "phantump": {
      "normal": {
        "isShiny": false,
        "status": "CAUGHT",
        "discoveredTimestamp": 1726126946300,
        "caughtTimestamp": 1726126946300
      }
    },
    "buneary": {
      "normal": {
        "isShiny": false,
        "status": "CAUGHT",
        "discoveredTimestamp": 1726127204092,
        "caughtTimestamp": 1726127204092
      }
    },
    "pidgey": {
      "normal": {
        "isShiny": false,
        "status": "CAUGHT",
        "discoveredTimestamp": 1726127262947,
        "caughtTimestamp": 1726127262947
      }
    },
    "vulpix": {
      "normal": {
        "isShiny": false,
        "status": "CAUGHT",
        "discoveredTimestamp": 1726127977996,
        "caughtTimestamp": 1726127977996
      }
    },
    "taillow": {
      "normal": {
        "isShiny": false,
        "status": "CAUGHT",
        "discoveredTimestamp": 1726128040342,
        "caughtTimestamp": 1726128040342
      }
    },
    "shellder": {
      "normal": {
        "isShiny": false,
        "status": "CAUGHT",
        "discoveredTimestamp": 1726129104100,
        "caughtTimestamp": 1726129104100
      }
    }
  }
}