{
  "registers": {
    "diggersby": {
      "normal": {
        "isShiny": false,
        "status": "CAUGHT",
        "discoveredTimestamp": 1726049223947,
        "caughtTimestamp": 1726049223947
      }
    },
    "bunnelby": {
      "normal": {
        "isShiny": false,
        "status": "CAUGHT",
        "discoveredTimestamp": 1726049279200,
        "caughtTimestamp": 1726049279200
      }
    },
    "oinkologne": {
      "normal": {
        "isShiny": false,
        "status": "CAUGHT",
        "discoveredTimestamp": 1726126101557,
        "caughtTimestamp": 1726126101557
      }
    },
    "phantump": {
      "normal": {
        "isShiny": false,
        "status": "CAUGHT",
        "discoveredTimestamp": 1726126946300,
        "caughtTimestamp": 1726126946300
      }
    },
    "buneary": {
      "normal": {
        "isShiny": false,
        "status": "CAUGHT",
        "discoveredTimestamp": 1726127204092,
        "caughtTimestamp": 1726127204092
      }
    },
    "pidgey": {
      "normal": {
        "isShiny": false,
        "status": "CAUGHT",
        "discoveredTimestamp": 1726127262947,
        "caughtTimestamp": 1726127262947
      }
    }
  }
}