{
  "registers": {
    "diggersby": {
      "normal": {
        "isShiny": false,
        "status": "CAUGHT",
        "discoveredTimestamp": 1726049223947,
        "caughtTimestamp": 1726049223947
      }
    },
    "bunnelby": {
      "normal": {
        "isShiny": false,
        "status": "CAUGHT",
        "discoveredTimestamp": 1726049279200,
        "caughtTimestamp": 1726049279200
      }
    },
    "oinkologne": {
      "normal": {
        "isShiny": false,
        "status": "CAUGHT",
        "discoveredTimestamp": 1726126101557,
        "caughtTimestamp": 1726126101557
      }
    },
    "phantump": {
      "normal": {
        "isShiny": false,
        "status": "CAUGHT",
        "discoveredTimestamp": 1726126946300,
        "caughtTimestamp": 1726126946300
      }
    },
    "buneary": {
      "normal": {
        "isShiny": false,
        "status": "CAUGHT",
        "discoveredTimestamp": 1726127204092,
        "caughtTimestamp": 1726127204092
      }
    },
    "pidgey": {
      "normal": {
        "isShiny": false,
        "status": "CAUGHT",
        "discoveredTimestamp": 1726127262947,
        "caughtTimestamp": 1726127262947
      }
    },
    "vulpix": {
      "normal": {
        "isShiny": false,
        "status": "CAUGHT",
        "discoveredTimestamp": 1726127977996,
        "caughtTimestamp": 1726127977996
      }
    },
    "taillow": {
      "normal": {
        "isShiny": false,
        "status": "CAUGHT",
        "discoveredTimestamp": 1726128040342,
        "caughtTimestamp": 1726128040342
      }
    },
    "shellder": {
      "normal": {
        "isShiny": false,
        "status": "CAUGHT",
        "discoveredTimestamp": 1726129104100,
        "caughtTimestamp": 1726129104100
      }
    },
    "scorbunny": {
      "normal": {
        "isShiny": false,
        "status": "CAUGHT",
        "discoveredTimestamp": 1726149241770,
        "caughtTimestamp": 1726149241770
      }
    },
    "carvanha": {
      "normal": {
        "isShiny": false,
        "status": "CAUGHT",
        "discoveredTimestamp": 1726253822880,
        "caughtTimestamp": 1726253822880
      }
    },
    "basculin": {
      "bluestriped": {
        "isShiny": false,
        "status": "CAUGHT",
        "discoveredTimestamp": 1726254022648,
        "caughtTimestamp": 1726254022648
      }
    },
    "staryu": {
      "normal": {
        "isShiny": false,
        "status": "CAUGHT",
        "discoveredTimestamp": 1726254188511,
        "caughtTimestamp": 1726254188511
      }
    },
    "mankey": {
      "normal": {
        "isShiny": false,
        "status": "CAUGHT",
        "discoveredTimestamp": 1726254886815,
        "caughtTimestamp": 1726254886815
      }
    },
    "heracross": {
      "normal": {
        "isShiny": false,
        "status": "CAUGHT",
        "discoveredTimestamp": 1726255096013,
        "caughtTimestamp": 1726255096013
      }
    },
    "diglett": {
      "normal": {
        "isShiny": false,
        "status": "CAUGHT",
        "discoveredTimestamp": 1726255255464,
        "caughtTimestamp": 1726255255464
      }
    },
    "buizel": {
      "normal": {
        "isShiny": false,
        "status": "CAUGHT",
        "discoveredTimestamp": 1726278589107,
        "caughtTimestamp": 1726278589107
      }
    },
    "oddish": {
      "normal": {
        "isShiny": false,
        "status": "CAUGHT",
        "discoveredTimestamp": 1726278821504,
        "caughtTimestamp": 1726278821504
      }
    },
    "crabrawler": {
      "normal": {
        "isShiny": false,
        "status": "CAUGHT",
        "discoveredTimestamp": 1726278881300,
        "caughtTimestamp": 1726278881300
      }
    },
    "darumaka": {
      "normal": {
        "isShiny": false,
        "status": "CAUGHT",
        "discoveredTimestamp": 1726279423451,
        "caughtTimestamp": 1726279423451
      }
    },
    "stufful": {
      "normal": {
        "isShiny": false,
        "status": "CAUGHT",
        "discoveredTimestamp": 1726279536059,
        "caughtTimestamp": 1726279536059
      }
    },
    "lapras": {
      "normal": {
        "isShiny": false,
        "status": "CAUGHT",
        "discoveredTimestamp": 1726289114499,
        "caughtTimestamp": 1726289114499
      }
    },
    "dreepy": {
      "normal": {
        "isShiny": false,
        "status": "CAUGHT",
        "discoveredTimestamp": 1726289148950,
        "caughtTimestamp": 1726289148950
      }
    },
    "eevee": {
      "normal": {
        "isShiny": false,
        "status": "CAUGHT",
        "discoveredTimestamp": 1726291329063,
        "caughtTimestamp": 1726291329063
      }
    },
    "raboot": {
      "normal": {
        "isShiny": false,
        "status": "CAUGHT",
        "discoveredTimestamp": 1726291748691,
        "caughtTimestamp": 1726291748691
      }
    }
  }
}