{"stats":{"minecraft:dropped":{"minecraft:gravel":8,"minecraft:wheat_seeds":8,"minecraft:glass_bottle":1,"minecraft:cobblestone":6,"minecraft:granite":1,"minecraft:poppy":6,"minecraft:dirt":8,"minecraft:mutton":2,"minecraft:sand":7,"minecraft:arrow":3,"minecraft:white_wool":1,"minecraft:egg":2,"minecraft:dandelion":1},"minecraft:killed":{"minecraft:pig":9,"rctmod:trainer":2,"minecraft:salmon":5,"minecraft:spider":2,"minecraft:iron_golem":1,"minecraft:creeper":1,"minecraft:sheep":1,"minecraft:skeleton":5,"minecraft:zombie":10},"minecraft:broken":{"minecraft:golden_pickaxe":1,"minecraft:wooden_axe":2},"minecraft:mined":{"cobblemon:big_root":7,"minecraft:crafting_table":3,"minecraft:granite":1,"minecraft:acacia_log":8,"minecraft:melon":1,"minecraft:jungle_log":6,"minecraft:dead_bush":6,"cobblemon:energy_root":1,"minecraft:tall_grass":3,"minecraft:copper_ore":23,"minecraft:hay_block":11,"minecraft:birch_log":2,"minecraft:iron_ore":38,"cobblemon:medicinal_leek":2,"minecraft:grass":53,"minecraft:coal_ore":17,"minecraft:vine":4,"minecraft:gravel":4,"cobblemon:sun_stone_ore":1,"minecraft:acacia_planks":1,"minecraft:stone":37,"minecraft:gold_ore":2,"minecraft:oak_leaves":1,"minecraft:fern":9},"minecraft:killed_by":{"cobblemon:pokemon":1},"minecraft:used":{"minecraft:dirt":6,"minecraft:crafting_table":5,"minecraft:jungle_planks":6,"minecraft:wooden_axe":73,"minecraft:bread":34,"minecraft:iron_pickaxe":103,"minecraft:bamboo":9,"minecraft:stone_axe":58,"minecraft:cobblestone":5,"minecraft:golden_carrot":1,"minecraft:hay_block":1,"minecraft:jungle_door":1,"minecraft:golden_pickaxe":31,"minecraft:acacia_planks":17},"minecraft:custom":{"minecraft:mob_kills":37,"minecraft:interact_with_crafting_table":13,"minecraft:leave_game":10,"minecraft:time_since_death":5941,"minecraft:sleep_in_bed":1,"minecraft:climb_one_cm":4813,"minecraft:time_since_rest":6021,"minecraft:sprint_one_cm":202461,"minecraft:damage_taken":1955,"minecraft:walk_one_cm":166414,"minecraft:drop":19,"minecraft:damage_dealt":7428,"minecraft:swim_one_cm":33188,"minecraft:fly_one_cm":250163,"minecraft:open_chest":3,"minecraft:play_time":63565,"minecraft:deaths":2,"minecraft:sneak_time":37,"minecraft:walk_under_water_one_cm":9711,"minecraft:jump":1299,"minecraft:open_loot_ball":8,"minecraft:walk_on_water_one_cm":28863,"minecraft:total_world_time":63565,"minecraft:fall_one_cm":28530},"minecraft:picked_up":{"minecraft:birch_log":1,"minecraft:crafting_table":3,"minecraft:salmon":4,"minecraft:jungle_log":6,"cobblemon:yellow_apricorn":15,"cobblemon:red_apricorn":10,"minecraft:string":2,"minecraft:dirt":14,"minecraft:raw_copper":82,"minecraft:bone":5,"minecraft:acacia_planks":1,"minecraft:wheat_seeds":8,"cobblemon:black_apricorn":3,"minecraft:raw_gold":2,"minecraft:iron_ingot":4,"cobblemon:oran_berry":7,"minecraft:poppy":6,"cobblemon:big_root":3,"minecraft:bamboo":64,"minecraft:egg":2,"cobblemon:sun_stone":1,"minecraft:raw_iron":38,"minecraft:acacia_log":7,"minecraft:dandelion":1,"minecraft:gravel":8,"minecraft:porkchop":17,"minecraft:sand":7,"cobblemon:yellow_apricorn_seed":1,"cobblemon:haban_berry":2,"minecraft:arrow":3,"minecraft:rotten_flesh":10,"minecraft:hay_block":11,"minecraft:granite":1,"cobblemon:energy_root":1,"cobblemon:blue_apricorn":4,"minecraft:mutton":2,"cobblemon:verdant_ball":1,"minecraft:coal":23,"minecraft:white_wool":1,"minecraft:cobblestone":42},"minecraft:crafted":{"minecraft:crafting_table":3,"minecraft:birch_planks":4,"minecraft:stone_axe":1,"minecraft:bread":30,"minecraft:jungle_planks":24,"minecraft:jungle_door":3,"minecraft:shield":1,"minecraft:stick":8,"minecraft:iron_pickaxe":1,"minecraft:wooden_axe":2,"minecraft:acacia_planks":28,"minecraft:wheat":90}},"DataVersion":3465}