{"stats":{"minecraft:used":{"minecraft:stone_shovel":45,"minecraft:stone_pickaxe":317,"minecraft:oak_planks":1,"minecraft:shield":10,"minecraft:wooden_pickaxe":12,"minecraft:torch":30,"minecraft:dirt":2,"minecraft:crafting_table":5,"minecraft:granite":3,"minecraft:wooden_axe":14,"minecraft:wooden_hoe":4,"chococraft:gysahl_green_seeds":5,"minecraft:iron_pickaxe":1,"minecraft:polished_granite":1,"minecraft:stone_axe":14,"minecraft:cobblestone":70,"minecraft:furnace":2,"minecraft:cooked_porkchop":1,"chococraft:gysahl_green":4,"minecraft:oak_boat":2,"minecraft:bone_meal":3},"minecraft:picked_up":{"minecraft:wooden_axe":1,"minecraft:birch_log":2,"minecraft:crafting_table":2,"minecraft:andesite":18,"minecraft:oak_log":13,"minecraft:gunpowder":5,"minecraft:dirt":48,"minecraft:polished_granite":1,"treasure2:gold_skull_chest":2,"minecraft:bone":1,"chococraft:gysahl_green":12,"minecraft:iron_ore":18,"minecraft:oak_boat":2,"minecraft:oak_planks":76,"minecraft:furnace":2,"minecraft:cooked_porkchop":1,"minecraft:torch":6,"minecraft:porkchop":1,"chococraft:gysahl_green_seeds":7,"minecraft:arrow":1,"minecraft:granite":11,"minecraft:oak_sapling":1,"minecraft:coal":54,"minecraft:cobblestone":260},"minecraft:mined":{"treasure2:gravestone3_polished_granite":1,"minecraft:farmland":2,"minecraft:crafting_table":2,"minecraft:granite":11,"minecraft:grass_block":13,"minecraft:cobblestone":8,"minecraft:wall_torch":6,"minecraft:furnace":2,"minecraft:birch_log":2,"minecraft:iron_ore":18,"minecraft:andesite":17,"minecraft:grass":3,"chococraft:gysahl_green":7,"minecraft:oak_log":13,"minecraft:coal_ore":35,"minecraft:dirt":35,"treasure2:gold_skull_chest":1,"minecraft:stone":229,"minecraft:oak_leaves":2,"minecraft:infested_stone":3},"minecraft:crafted":{"minecraft:oak_planks":52,"minecraft:stone_shovel":1,"minecraft:crafting_table":3,"minecraft:wooden_pickaxe":1,"minecraft:iron_helmet":1,"minecraft:furnace":1,"minecraft:bone_meal":3,"minecraft:birch_planks":8,"minecraft:stone_axe":1,"minecraft:air":0,"minecraft:oak_boat":1,"minecraft:iron_chestplate":1,"minecraft:wooden_hoe":1,"minecraft:shield":1,"minecraft:stick":28,"minecraft:iron_ingot":18,"minecraft:iron_pickaxe":1,"minecraft:stone_pickaxe":4,"minecraft:wooden_axe":1,"chococraft:gysahl_green_seeds":2,"minecraft:torch":24},"minecraft:killed_by":{"minecraft:spider":1},"minecraft:killed":{"minecraft:pig":1,"minecraft:creeper":1,"minecraft:skeleton":1,"minecraft:zombie":1,"minecraft:silverfish":1},"minecraft:custom":{"minecraft:interact_with_furnace":11,"minecraft:mob_kills":5,"minecraft:interact_with_crafting_table":19,"minecraft:play_one_minute":36047,"minecraft:leave_game":3,"minecraft:time_since_death":0,"minecraft:time_since_rest":200,"minecraft:sprint_one_cm":30393,"minecraft:damage_taken":758,"minecraft:walk_one_cm":80933,"minecraft:damage_blocked_by_shield":443,"minecraft:drop":1,"minecraft:damage_dealt":893,"minecraft:fly_one_cm":33772,"minecraft:crouch_one_cm":703,"minecraft:deaths":1,"minecraft:sneak_time":762,"minecraft:jump":620,"minecraft:walk_on_water_one_cm":1587,"minecraft:fall_one_cm":9261},"minecraft:dropped":{"minecraft:oak_planks":29},"minecraft:broken":{"minecraft:stone_pickaxe":2}},"DataVersion":2586}