{"stats":{"minecraft:picked_up":{"minecraft:crafting_table":4,"minecraft:coarse_dirt":2,"minecraft:chicken":1,"cobblemon:yellow_apricorn":15,"cobblemon:red_apricorn":20,"minecraft:golden_sword":1,"minecraft:string":2,"minecraft:raw_copper":139,"cobblemon:green_apricorn":7,"cobblemon:oran_berry":139,"cobblemon:relic_coin":12,"minecraft:poppy":6,"cobblemon:big_root":4,"minecraft:melon_slice":11,"minecraft:egg":2,"minecraft:raw_iron":103,"cobblemon:apricorn_log":1,"minecraft:acacia_log":7,"minecraft:porkchop":20,"minecraft:arrow":4,"minecraft:rotten_flesh":21,"minecraft:light_blue_wool":1,"minecraft:hay_block":11,"minecraft:mutton":2,"cobblemon:verdant_ball":1,"cobblemon:blue_apricorn":4,"minecraft:cobblestone":54,"minecraft:white_wool":1,"minecraft:birch_log":1,"minecraft:feather":1,"cobblemon:great_ball":2,"cobblemon:ultra_ball":12,"minecraft:salmon":4,"minecraft:jungle_log":6,"cobblemon:roseate_ball":1,"minecraft:tuff":1,"cobblemon:slate_ball":1,"minecraft:oak_log":15,"minecraft:gunpowder":2,"minecraft:dirt":44,"minecraft:bone":9,"minecraft:acacia_planks":1,"minecraft:wheat_seeds":12,"cobblemon:black_apricorn":12,"minecraft:raw_gold":20,"minecraft:iron_ingot":4,"minecraft:rabbit":2,"minecraft:bamboo":64,"minecraft:moss_block":1,"cobblemon:red_apricorn_seed":1,"cobblemon:sun_stone":1,"cobblemon:black_apricorn_seed":1,"minecraft:dandelion":1,"minecraft:raw_iron_block":1,"minecraft:gravel":8,"cobblemon:pecha_berry":19,"minecraft:sand":7,"cobblemon:yellow_apricorn_seed":1,"cobblemon:persim_berry":13,"minecraft:jungle_slab":1,"cobblemon:haban_berry":2,"cobblemon:poke_ball":2,"minecraft:granite":1,"cobblemon:chesto_berry":7,"minecraft:coal":43,"cobblemon:energy_root":1},"minecraft:dropped":{"minecraft:wheat_seeds":8,"cobblemon:red_apricorn_seed":1,"minecraft:glass_bottle":3,"minecraft:cobblestone":6,"cobblemon:yellow_apricorn_seed":1,"minecraft:granite":1,"minecraft:copper_ingot":2,"minecraft:dirt":8,"minecraft:mutton":2,"minecraft:light_blue_wool":1,"minecraft:jungle_door":2,"minecraft:sand":7,"minecraft:glistering_melon_slice":10,"minecraft:string":2,"minecraft:white_wool":1,"minecraft:bucket":2,"minecraft:dandelion":1,"minecraft:gravel":8,"minecraft:tuff":1,"minecraft:rotten_flesh":10,"minecraft:salmon":4,"minecraft:poppy":6,"minecraft:gunpowder":2,"cobblemon:energy_root":1,"minecraft:golden_sword":1,"minecraft:arrow":3,"minecraft:egg":2},"minecraft:killed":{"rctmod:trainer":2,"minecraft:spider":7,"minecraft:skeleton":8,"minecraft:pig":10,"cobblemon:pokemon":1,"minecraft:salmon":5,"minecraft:iron_golem":1,"minecraft:creeper":2,"minecraft:sheep":1,"minecraft:zombie":14},"minecraft:used":{"minecraft:moss_block":1,"minecraft:shield":3,"minecraft:iron_sword":5,"minecraft:oak_door":8,"minecraft:dirt":36,"minecraft:jungle_planks":6,"minecraft:jungle_slab":1,"minecraft:wooden_axe":73,"minecraft:iron_axe":87,"minecraft:iron_helmet":1,"minecraft:iron_boots":1,"minecraft:bamboo":9,"minecraft:golden_carrot":12,"minecraft:hay_block":1,"minecraft:furnace":1,"minecraft:acacia_planks":17,"minecraft:iron_leggings":1,"minecraft:rabbit":1,"minecraft:oak_planks":2,"minecraft:golden_apple":1,"minecraft:crafting_table":7,"cobblemon:apricorn_log":1,"minecraft:bread":34,"minecraft:melon_slice":11,"minecraft:iron_pickaxe":264,"minecraft:stone_axe":77,"minecraft:cobblestone":37,"minecraft:cooked_porkchop":16,"minecraft:jungle_door":1,"minecraft:coarse_dirt":2,"minecraft:golden_pickaxe":31},"minecraft:crafted":{"minecraft:oak_door":27,"minecraft:oak_planks":60,"minecraft:raw_iron":9,"minecraft:furnace":1,"minecraft:iron_boots":1,"minecraft:iron_axe":1,"minecraft:wheat":90,"minecraft:cauldron":1,"minecraft:cooked_porkchop":20,"minecraft:crafting_table":3,"minecraft:iron_helmet":1,"minecraft:iron_sword":1,"minecraft:copper_ingot":99,"minecraft:birch_planks":4,"minecraft:bucket":2,"minecraft:stone_axe":1,"minecraft:bread":30,"minecraft:air":0,"minecraft:jungle_planks":24,"cobblemon:poke_ball":8,"minecraft:jungle_door":3,"minecraft:iron_chestplate":2,"minecraft:shield":1,"minecraft:stick":16,"minecraft:iron_ingot":96,"minecraft:iron_pickaxe":3,"minecraft:wooden_axe":2,"minecraft:iron_leggings":1,"minecraft:gold_ingot":20,"minecraft:acacia_planks":28,"cobblemon:ultra_ball":28,"cobblemon:great_ball":8},"minecraft:broken":{"minecraft:golden_pickaxe":1,"minecraft:wooden_axe":2},"minecraft:killed_by":{"cobblemon:pokemon":1},"minecraft:custom":{"minecraft:mob_kills":52,"minecraft:interact_with_crafting_table":41,"minecraft:leave_game":14,"minecraft:time_since_death":12212,"minecraft:climb_one_cm":22180,"minecraft:sprint_one_cm":668399,"minecraft:walk_one_cm":522849,"minecraft:damage_blocked_by_shield":175,"minecraft:drop":44,"minecraft:play_time":213326,"minecraft:sneak_time":1029,"minecraft:deaths":5,"minecraft:walk_under_water_one_cm":115432,"minecraft:jump":3831,"minecraft:walk_on_water_one_cm":71031,"minecraft:total_world_time":213326,"minecraft:interact_with_furnace":138,"minecraft:sleep_in_bed":6,"minecraft:waystone_activated":2,"minecraft:time_since_rest":12246,"minecraft:damage_taken":4400,"minecraft:damage_absorbed":40,"minecraft:damage_dealt":10118,"minecraft:swim_one_cm":255136,"minecraft:fly_one_cm":629087,"minecraft:open_chest":36,"minecraft:crouch_one_cm":167,"minecraft:open_loot_ball":16,"minecraft:fall_one_cm":96373},"minecraft:mined":{"minecraft:tuff":8,"minecraft:jungle_slab":1,"minecraft:jungle_leaves":1,"cobblemon:big_root":8,"minecraft:granite":1,"minecraft:acacia_log":8,"minecraft:grass_block":4,"minecraft:jungle_log":6,"minecraft:moss_block":1,"minecraft:hay_block":11,"minecraft:raw_iron_block":1,"minecraft:iron_ore":62,"cobblemon:medicinal_leek":2,"minecraft:deepslate_iron_ore":41,"minecraft:vine":6,"minecraft:rail":1,"minecraft:stone":48,"minecraft:crafting_table":4,"cobblemon:apricorn_leaves":2,"minecraft:melon":11,"minecraft:dead_bush":6,"cobblemon:energy_root":1,"minecraft:tall_grass":3,"minecraft:copper_ore":38,"minecraft:cobblestone":2,"minecraft:deepslate_gold_ore":16,"minecraft:diorite":2,"cobblemon:relic_coin_pouch":3,"minecraft:coarse_dirt":3,"minecraft:birch_log":2,"minecraft:birch_leaves":1,"minecraft:grass":96,"minecraft:oak_log":15,"minecraft:coal_ore":37,"minecraft:gravel":4,"minecraft:dirt":2,"minecraft:acacia_planks":1,"cobblemon:sun_stone_ore":1,"minecraft:gold_ore":4,"minecraft:oak_leaves":16,"minecraft:deepslate":14,"minecraft:fern":24}},"DataVersion":3465}