{"stats":{"minecraft:broken":{"minecraft:golden_pickaxe":1,"minecraft:wooden_axe":2},"minecraft:killed_by":{"cobblemon:pokemon":1},"minecraft:mined":{"minecraft:tuff":8,"minecraft:jungle_leaves":1,"cobblemon:big_root":8,"minecraft:granite":1,"minecraft:acacia_log":8,"minecraft:grass_block":2,"minecraft:jungle_log":6,"minecraft:hay_block":11,"minecraft:raw_iron_block":1,"minecraft:iron_ore":62,"cobblemon:medicinal_leek":2,"minecraft:deepslate_iron_ore":41,"minecraft:vine":5,"minecraft:rail":1,"minecraft:stone":41,"minecraft:crafting_table":4,"minecraft:melon":10,"minecraft:dead_bush":6,"cobblemon:energy_root":1,"minecraft:tall_grass":3,"minecraft:copper_ore":38,"minecraft:cobblestone":2,"minecraft:deepslate_gold_ore":16,"minecraft:diorite":2,"minecraft:birch_log":2,"minecraft:birch_leaves":1,"minecraft:grass":60,"minecraft:oak_log":15,"minecraft:coal_ore":17,"minecraft:gravel":4,"minecraft:acacia_planks":1,"cobblemon:sun_stone_ore":1,"minecraft:gold_ore":4,"minecraft:oak_leaves":4,"minecraft:deepslate":14,"minecraft:fern":12},"minecraft:dropped":{"minecraft:wheat_seeds":8,"minecraft:glass_bottle":1,"minecraft:cobblestone":6,"cobblemon:yellow_apricorn_seed":1,"minecraft:granite":1,"minecraft:copper_ingot":2,"minecraft:dirt":8,"minecraft:mutton":2,"minecraft:jungle_door":2,"minecraft:sand":7,"minecraft:string":2,"minecraft:white_wool":1,"minecraft:bucket":2,"minecraft:dandelion":1,"minecraft:gravel":8,"minecraft:tuff":1,"minecraft:rotten_flesh":10,"minecraft:salmon":4,"minecraft:poppy":6,"minecraft:gunpowder":2,"cobblemon:energy_root":1,"minecraft:golden_sword":1,"minecraft:arrow":3,"minecraft:egg":2},"minecraft:crafted":{"minecraft:oak_door":27,"minecraft:oak_planks":60,"minecraft:raw_iron":9,"minecraft:furnace":1,"minecraft:iron_boots":1,"minecraft:iron_axe":1,"minecraft:wheat":90,"minecraft:cauldron":1,"minecraft:crafting_table":3,"minecraft:iron_helmet":1,"minecraft:iron_sword":1,"minecraft:copper_ingot":68,"minecraft:birch_planks":4,"minecraft:bucket":2,"minecraft:stone_axe":1,"minecraft:bread":30,"minecraft:air":0,"minecraft:jungle_planks":24,"cobblemon:poke_ball":8,"minecraft:jungle_door":3,"minecraft:iron_chestplate":2,"minecraft:shield":1,"minecraft:stick":16,"minecraft:iron_ingot":84,"minecraft:iron_pickaxe":3,"minecraft:wooden_axe":2,"minecraft:iron_leggings":1,"minecraft:gold_ingot":20,"minecraft:acacia_planks":28,"cobblemon:ultra_ball":8,"cobblemon:great_ball":8},"minecraft:picked_up":{"minecraft:crafting_table":4,"cobblemon:yellow_apricorn":15,"cobblemon:red_apricorn":15,"minecraft:golden_sword":1,"minecraft:string":2,"minecraft:raw_copper":139,"cobblemon:oran_berry":35,"minecraft:poppy":6,"cobblemon:big_root":4,"minecraft:melon_slice":5,"minecraft:egg":2,"minecraft:raw_iron":103,"minecraft:acacia_log":7,"minecraft:porkchop":17,"minecraft:rotten_flesh":20,"minecraft:arrow":4,"minecraft:hay_block":11,"minecraft:cobblestone":48,"minecraft:mutton":2,"cobblemon:verdant_ball":1,"cobblemon:blue_apricorn":4,"minecraft:white_wool":1,"minecraft:birch_log":1,"cobblemon:ultra_ball":2,"minecraft:salmon":4,"minecraft:jungle_log":6,"minecraft:tuff":1,"cobblemon:slate_ball":1,"minecraft:oak_log":15,"minecraft:gunpowder":2,"minecraft:dirt":16,"minecraft:bone":9,"minecraft:acacia_planks":1,"cobblemon:black_apricorn":8,"minecraft:wheat_seeds":8,"minecraft:raw_gold":20,"minecraft:iron_ingot":4,"minecraft:bamboo":64,"cobblemon:sun_stone":1,"cobblemon:red_apricorn_seed":1,"cobblemon:black_apricorn_seed":1,"minecraft:dandelion":1,"minecraft:raw_iron_block":1,"minecraft:gravel":8,"cobblemon:pecha_berry":19,"minecraft:sand":7,"cobblemon:yellow_apricorn_seed":1,"cobblemon:haban_berry":2,"cobblemon:poke_ball":2,"minecraft:granite":1,"minecraft:coal":23,"cobblemon:energy_root":1},"minecraft:used":{"minecraft:shield":2,"minecraft:oak_door":6,"minecraft:dirt":8,"minecraft:jungle_planks":6,"minecraft:wooden_axe":73,"minecraft:iron_axe":28,"minecraft:iron_helmet":1,"minecraft:iron_boots":1,"minecraft:bamboo":9,"minecraft:golden_carrot":12,"minecraft:hay_block":1,"minecraft:furnace":1,"minecraft:acacia_planks":17,"minecraft:iron_leggings":1,"minecraft:oak_planks":2,"minecraft:golden_apple":1,"minecraft:crafting_table":6,"minecraft:bread":34,"minecraft:melon_slice":5,"minecraft:iron_pickaxe":237,"minecraft:stone_axe":77,"minecraft:cobblestone":31,"minecraft:jungle_door":1,"minecraft:golden_pickaxe":31},"minecraft:killed":{"rctmod:trainer":2,"minecraft:spider":3,"minecraft:skeleton":8,"minecraft:pig":9,"minecraft:salmon":5,"minecraft:iron_golem":1,"minecraft:creeper":2,"minecraft:sheep":1,"minecraft:zombie":12},"minecraft:custom":{"minecraft:mob_kills":44,"minecraft:interact_with_crafting_table":38,"minecraft:leave_game":13,"minecraft:time_since_death":74792,"minecraft:climb_one_cm":13728,"minecraft:sprint_one_cm":324126,"minecraft:walk_one_cm":301501,"minecraft:damage_blocked_by_shield":55,"minecraft:drop":30,"minecraft:play_time":132416,"minecraft:deaths":2,"minecraft:sneak_time":521,"minecraft:walk_under_water_one_cm":56708,"minecraft:jump":2163,"minecraft:walk_on_water_one_cm":52881,"minecraft:total_world_time":132416,"minecraft:interact_with_furnace":118,"minecraft:sleep_in_bed":4,"minecraft:time_since_rest":22105,"minecraft:waystone_activated":1,"minecraft:damage_taken":2922,"minecraft:damage_absorbed":40,"minecraft:damage_dealt":8698,"minecraft:swim_one_cm":190013,"minecraft:fly_one_cm":350667,"minecraft:open_chest":29,"minecraft:crouch_one_cm":167,"minecraft:open_loot_ball":14,"minecraft:fall_one_cm":50958}},"DataVersion":3465}