{"stats":{"minecraft:mined":{"minecraft:tuff":8,"cobblemon:big_root":7,"minecraft:crafting_table":3,"minecraft:granite":1,"minecraft:acacia_log":8,"minecraft:melon":1,"minecraft:jungle_log":6,"minecraft:dead_bush":6,"minecraft:cobblestone":2,"cobblemon:energy_root":1,"minecraft:tall_grass":3,"minecraft:copper_ore":38,"minecraft:deepslate_gold_ore":16,"minecraft:diorite":2,"minecraft:hay_block":11,"minecraft:raw_iron_block":1,"minecraft:birch_log":2,"minecraft:iron_ore":62,"cobblemon:medicinal_leek":2,"minecraft:grass":53,"minecraft:deepslate_iron_ore":41,"minecraft:oak_log":15,"minecraft:coal_ore":17,"minecraft:rail":1,"minecraft:vine":4,"minecraft:gravel":4,"minecraft:deepslate":14,"minecraft:acacia_planks":1,"cobblemon:sun_stone_ore":1,"minecraft:stone":41,"minecraft:gold_ore":4,"minecraft:oak_leaves":1,"minecraft:fern":9},"minecraft:killed":{"minecraft:pig":9,"rctmod:trainer":2,"minecraft:salmon":5,"minecraft:spider":2,"minecraft:iron_golem":1,"minecraft:creeper":1,"minecraft:sheep":1,"minecraft:skeleton":7,"minecraft:zombie":10},"minecraft:killed_by":{"cobblemon:pokemon":1},"minecraft:custom":{"minecraft:interact_with_furnace":56,"minecraft:mob_kills":39,"minecraft:interact_with_crafting_table":26,"minecraft:leave_game":10,"minecraft:time_since_death":28719,"minecraft:sleep_in_bed":1,"minecraft:climb_one_cm":4813,"minecraft:waystone_activated":1,"minecraft:time_since_rest":28799,"minecraft:sprint_one_cm":227978,"minecraft:damage_taken":2216,"minecraft:walk_one_cm":219736,"minecraft:damage_blocked_by_shield":55,"minecraft:drop":23,"minecraft:damage_dealt":7788,"minecraft:swim_one_cm":33188,"minecraft:fly_one_cm":260941,"minecraft:open_chest":21,"minecraft:crouch_one_cm":167,"minecraft:play_time":86343,"minecraft:deaths":2,"minecraft:sneak_time":92,"minecraft:walk_under_water_one_cm":11058,"minecraft:jump":1461,"minecraft:open_loot_ball":8,"minecraft:walk_on_water_one_cm":33508,"minecraft:total_world_time":86343,"minecraft:fall_one_cm":32609},"minecraft:picked_up":{"minecraft:birch_log":1,"minecraft:crafting_table":3,"minecraft:salmon":4,"minecraft:jungle_log":6,"cobblemon:yellow_apricorn":15,"cobblemon:red_apricorn":13,"minecraft:tuff":1,"minecraft:oak_log":15,"minecraft:dirt":14,"minecraft:string":2,"minecraft:raw_copper":139,"minecraft:bone":7,"minecraft:acacia_planks":1,"minecraft:wheat_seeds":8,"cobblemon:black_apricorn":6,"minecraft:raw_gold":20,"minecraft:iron_ingot":4,"cobblemon:oran_berry":7,"minecraft:poppy":6,"minecraft:bamboo":64,"cobblemon:big_root":3,"minecraft:egg":2,"cobblemon:sun_stone":1,"minecraft:raw_iron":103,"minecraft:acacia_log":7,"minecraft:dandelion":1,"minecraft:raw_iron_block":1,"minecraft:gravel":8,"minecraft:porkchop":17,"minecraft:sand":7,"cobblemon:yellow_apricorn_seed":1,"cobblemon:haban_berry":2,"minecraft:arrow":3,"minecraft:rotten_flesh":10,"minecraft:hay_block":11,"minecraft:granite":1,"cobblemon:energy_root":1,"minecraft:mutton":2,"cobblemon:blue_apricorn":4,"cobblemon:verdant_ball":1,"minecraft:coal":23,"minecraft:white_wool":1,"minecraft:cobblestone":48},"minecraft:crafted":{"minecraft:raw_iron":9,"minecraft:cauldron":1,"minecraft:crafting_table":3,"minecraft:iron_helmet":1,"minecraft:furnace":1,"minecraft:copper_ingot":21,"minecraft:birch_planks":4,"minecraft:stone_axe":1,"minecraft:bread":30,"minecraft:air":0,"minecraft:jungle_planks":24,"minecraft:jungle_door":3,"minecraft:iron_chestplate":2,"minecraft:shield":1,"minecraft:stick":8,"minecraft:iron_ingot":38,"minecraft:iron_pickaxe":1,"minecraft:wooden_axe":2,"minecraft:gold_ingot":20,"minecraft:acacia_planks":28,"cobblemon:great_ball":8,"cobblemon:ultra_ball":8,"minecraft:wheat":90},"minecraft:broken":{"minecraft:golden_pickaxe":1,"minecraft:wooden_axe":2},"minecraft:dropped":{"minecraft:gravel":8,"minecraft:wheat_seeds":8,"minecraft:glass_bottle":1,"minecraft:tuff":1,"minecraft:cobblestone":6,"minecraft:granite":1,"minecraft:salmon":4,"minecraft:poppy":6,"minecraft:dirt":8,"minecraft:mutton":2,"minecraft:jungle_door":2,"minecraft:sand":7,"minecraft:arrow":3,"minecraft:string":2,"minecraft:white_wool":1,"minecraft:egg":2,"minecraft:dandelion":1},"minecraft:used":{"minecraft:shield":2,"minecraft:dirt":6,"minecraft:crafting_table":5,"minecraft:jungle_planks":6,"minecraft:wooden_axe":73,"minecraft:bread":34,"minecraft:iron_pickaxe":234,"minecraft:iron_helmet":1,"minecraft:bamboo":9,"minecraft:stone_axe":77,"minecraft:golden_carrot":5,"minecraft:cobblestone":31,"minecraft:hay_block":1,"minecraft:furnace":1,"minecraft:jungle_door":1,"minecraft:golden_pickaxe":31,"minecraft:acacia_planks":17}},"DataVersion":3465}