{"stats":{"minecraft:custom":{"minecraft:time_since_rest":34227,"minecraft:sprint_one_cm":114184,"minecraft:damage_taken":798,"minecraft:walk_one_cm":77334,"minecraft:mob_kills":22,"minecraft:damage_dealt":3709,"minecraft:swim_one_cm":23541,"minecraft:interact_with_crafting_table":4,"minecraft:fly_one_cm":136363,"minecraft:open_chest":2,"minecraft:play_time":34227,"minecraft:sneak_time":12,"minecraft:walk_under_water_one_cm":5158,"minecraft:jump":663,"minecraft:open_loot_ball":5,"minecraft:leave_game":6,"minecraft:time_since_death":34227,"minecraft:walk_on_water_one_cm":10837,"minecraft:total_world_time":34227,"minecraft:climb_one_cm":3652,"minecraft:fall_one_cm":13411},"minecraft:crafted":{"minecraft:crafting_table":1,"minecraft:stick":4,"minecraft:wooden_axe":2,"minecraft:acacia_planks":28,"minecraft:birch_planks":4,"minecraft:bread":30,"minecraft:wheat":90},"minecraft:mined":{"minecraft:hay_block":11,"minecraft:birch_log":2,"minecraft:crafting_table":1,"cobblemon:medicinal_leek":2,"minecraft:grass":20,"minecraft:acacia_log":8,"minecraft:melon":1,"minecraft:tall_grass":1,"minecraft:acacia_planks":1,"minecraft:fern":4},"minecraft:used":{"minecraft:wooden_axe":73,"minecraft:bread":20,"minecraft:hay_block":1,"minecraft:crafting_table":1,"minecraft:acacia_planks":17},"minecraft:broken":{"minecraft:wooden_axe":2},"minecraft:killed":{"minecraft:sheep":1,"minecraft:skeleton":1,"minecraft:pig":9,"minecraft:zombie":4,"rctmod:trainer":1,"minecraft:salmon":5,"minecraft:iron_golem":1},"minecraft:picked_up":{"minecraft:birch_log":1,"minecraft:crafting_table":1,"minecraft:salmon":4,"cobblemon:yellow_apricorn":8,"cobblemon:red_apricorn":9,"minecraft:acacia_log":7,"minecraft:dandelion":1,"minecraft:porkchop":17,"minecraft:sand":1,"cobblemon:yellow_apricorn_seed":1,"minecraft:bone":1,"minecraft:arrow":2,"minecraft:acacia_planks":1,"minecraft:rotten_flesh":5,"minecraft:wheat_seeds":3,"minecraft:hay_block":11,"minecraft:iron_ingot":4,"minecraft:poppy":2,"minecraft:mutton":2,"cobblemon:verdant_ball":1,"minecraft:white_wool":1}},"DataVersion":3465}