{"stats":{"minecraft:custom":{"minecraft:open_chest":1,"minecraft:time_since_rest":11052,"minecraft:sprint_one_cm":23372,"minecraft:play_time":11052,"minecraft:damage_taken":180,"minecraft:walk_one_cm":17789,"minecraft:walk_under_water_one_cm":79,"minecraft:jump":106,"minecraft:damage_dealt":17,"minecraft:leave_game":2,"minecraft:walk_on_water_one_cm":457,"minecraft:time_since_death":11052,"minecraft:total_world_time":11052,"minecraft:interact_with_crafting_table":1,"minecraft:fall_one_cm":2692,"minecraft:fly_one_cm":30654},"minecraft:crafted":{"minecraft:acacia_planks":8,"minecraft:birch_planks":4,"minecraft:crafting_table":1,"minecraft:stick":4,"minecraft:wooden_axe":2},"minecraft:mined":{"minecraft:hay_block":11,"minecraft:grass":7,"minecraft:acacia_log":2,"minecraft:birch_log":2},"minecraft:used":{"minecraft:hay_block":1,"minecraft:crafting_table":1,"minecraft:bread":2},"minecraft:picked_up":{"minecraft:birch_log":1,"cobblemon:red_apricorn":5,"minecraft:acacia_log":2,"minecraft:hay_block":11}},"DataVersion":3465}