{"stats":{"minecraft:used":{"minecraft:stone_axe":5,"minecraft:wooden_axe":14,"minecraft:crafting_table":2,"minecraft:stone_pickaxe":29,"minecraft:wooden_pickaxe":12},"minecraft:picked_up":{"minecraft:birch_log":2,"minecraft:crafting_table":2,"chococraft:gysahl_green":4,"minecraft:porkchop":1,"chococraft:gysahl_green_seeds":2,"minecraft:oak_log":13,"minecraft:oak_sapling":1,"minecraft:coal":16,"minecraft:cobblestone":25},"minecraft:mined":{"chococraft:gysahl_green":2,"minecraft:grass":2,"minecraft:coal_ore":16,"minecraft:oak_log":13,"minecraft:birch_log":2,"minecraft:stone":25,"minecraft:oak_leaves":1,"minecraft:crafting_table":2},"minecraft:crafted":{"minecraft:oak_planks":12,"minecraft:birch_planks":8,"minecraft:stone_axe":1,"minecraft:crafting_table":1,"minecraft:stick":8,"minecraft:wooden_pickaxe":1,"minecraft:stone_pickaxe":1,"minecraft:wooden_axe":1},"minecraft:killed":{"minecraft:pig":1},"minecraft:custom":{"minecraft:time_since_rest":7312,"minecraft:play_one_minute":7312,"minecraft:sprint_one_cm":13397,"minecraft:damage_taken":40,"minecraft:walk_one_cm":16194,"minecraft:mob_kills":1,"minecraft:jump":111,"minecraft:damage_dealt":100,"minecraft:leave_game":1,"minecraft:time_since_death":7312,"minecraft:fall_one_cm":4237,"minecraft:interact_with_crafting_table":3,"minecraft:fly_one_cm":17789}},"DataVersion":2586}