{"stats":{"minecraft:custom":{"minecraft:time_since_rest":22178,"minecraft:sprint_one_cm":64041,"minecraft:damage_taken":343,"minecraft:walk_one_cm":43355,"minecraft:mob_kills":19,"minecraft:damage_dealt":2766,"minecraft:swim_one_cm":10441,"minecraft:interact_with_crafting_table":4,"minecraft:fly_one_cm":77011,"minecraft:open_chest":2,"minecraft:play_time":22178,"minecraft:sneak_time":5,"minecraft:walk_under_water_one_cm":2976,"minecraft:jump":371,"minecraft:open_loot_ball":2,"minecraft:leave_game":3,"minecraft:walk_on_water_one_cm":3812,"minecraft:time_since_death":22178,"minecraft:climb_one_cm":967,"minecraft:total_world_time":22178,"minecraft:fall_one_cm":8660},"minecraft:crafted":{"minecraft:crafting_table":1,"minecraft:stick":4,"minecraft:wooden_axe":2,"minecraft:acacia_planks":28,"minecraft:birch_planks":4,"minecraft:bread":30,"minecraft:wheat":90},"minecraft:mined":{"minecraft:hay_block":11,"minecraft:birch_log":2,"minecraft:crafting_table":1,"minecraft:grass":12,"minecraft:acacia_log":8,"minecraft:tall_grass":1,"minecraft:acacia_planks":1},"minecraft:used":{"minecraft:wooden_axe":56,"minecraft:bread":8,"minecraft:hay_block":1,"minecraft:crafting_table":1,"minecraft:acacia_planks":17},"minecraft:killed":{"minecraft:pig":9,"minecraft:zombie":3,"rctmod:trainer":1,"minecraft:salmon":5,"minecraft:iron_golem":1},"minecraft:broken":{"minecraft:wooden_axe":1},"minecraft:picked_up":{"minecraft:birch_log":1,"minecraft:crafting_table":1,"minecraft:salmon":4,"cobblemon:yellow_apricorn":3,"cobblemon:red_apricorn":9,"minecraft:acacia_log":7,"minecraft:porkchop":17,"cobblemon:yellow_apricorn_seed":1,"minecraft:acacia_planks":1,"minecraft:rotten_flesh":4,"minecraft:wheat_seeds":1,"minecraft:hay_block":11,"minecraft:iron_ingot":4,"minecraft:poppy":1}},"DataVersion":3465}