{"stats":{"minecraft:used":{"minecraft:stone_shovel":90,"minecraft:shield":42,"minecraft:iron_sword":3,"minecraft:torch":30,"minecraft:dirt":2,"minecraft:granite":17,"aquaculture:muskellunge":1,"minecraft:wooden_axe":22,"minecraft:stone_bricks":7,"treasure2:gold_skull_chest":1,"minecraft:furnace":2,"minecraft:egg":2,"minecraft:cooked_beef":8,"minecraft:cooked_mutton":6,"minecraft:stone_pickaxe":325,"minecraft:oak_planks":1,"minecraft:wooden_pickaxe":12,"minecraft:crafting_table":9,"minecraft:wooden_hoe":34,"chococraft:gysahl_green_seeds":5,"minecraft:iron_pickaxe":25,"minecraft:polished_granite":1,"minecraft:stone_axe":142,"minecraft:cobblestone":87,"minecraft:cooked_porkchop":2,"chococraft:gysahl_green":4,"minecraft:oak_boat":4,"minecraft:bone_meal":3},"minecraft:picked_up":{"minecraft:wooden_axe":2,"minecraft:crafting_table":5,"minecraft:iron_chestplate":3,"minecraft:wooden_pickaxe":2,"minecraft:shield":4,"relics:camouflage_ring":1,"aquaculture:muskellunge":1,"minecraft:iron_leggings":1,"treasure2:gold_skull_chest":6,"treasure2:silver_necklace":1,"minecraft:beef":39,"minecraft:oak_boat":6,"minecraft:poppy":2,"minecraft:iron_pickaxe":3,"minecraft:sugar_cane":39,"minecraft:furnace":3,"minecraft:iron_boots":1,"minecraft:egg":2,"minecraft:stick":14,"minecraft:torch":6,"aquaculture:perch":2,"minecraft:porkchop":16,"vampirism:holy_water_bottle_enhanced":2,"vampirism:vampire_fang":3,"minecraft:carrot":24,"minecraft:arrow":12,"minecraft:rotten_flesh":18,"minecraft:stone_shovel":3,"minecraft:hay_block":42,"aquaculture:carp":3,"minecraft:mutton":7,"treasure2:silver_bracelet":1,"minecraft:white_wool":3,"minecraft:cobblestone":587,"minecraft:birch_log":2,"vampirism:vampire_blood_bottle":2,"minecraft:cooked_beef":29,"minecraft:andesite":36,"minecraft:leather":4,"minecraft:potato":5,"minecraft:oak_log":29,"vampirism:armor_of_swiftness_legs_ultimate":2,"minecraft:gunpowder":7,"mca:book_romance":2,"minecraft:wooden_hoe":1,"minecraft:dirt":240,"minecraft:polished_granite":1,"treasure2:crystal_skull_chest":3,"minecraft:red_carpet":8,"minecraft:cooked_mutton":6,"minecraft:glass":1,"minecraft:bone":11,"chococraft:gysahl_green":60,"minecraft:apple":22,"minecraft:stone_bricks":20,"minecraft:wheat_seeds":58,"vampirism:altar_pillar":2,"minecraft:stone_pickaxe":4,"minecraft:iron_ingot":42,"minecraft:iron_ore":18,"aquaculture:minnow":2,"vampirism:holy_water_bottle_ultimate":8,"minecraft:iron_sword":1,"minecraft:oak_planks":94,"vampirism:pure_salt":3,"aquaculture:smallmouth_bass":2,"scalinghealth:heart_crystal_shard":4,"minecraft:cooked_porkchop":2,"minecraft:dandelion":2,"minecraft:sand":4,"chococraft:gysahl_green_seeds":34,"minecraft:spider_eye":1,"treasure2:silver_coin":4,"minecraft:stone_axe":3,"minecraft:iron_helmet":4,"minecraft:granite":25,"minecraft:bone_meal":1,"scalinghealth:cursed_heart":1,"minecraft:oak_sapling":3,"minecraft:coal":132,"minecraft:ender_pearl":1},"minecraft:mined":{"minecraft:farmland":2,"minecraft:granite":17,"minecraft:grass_block":19,"minecraft:hay_block":14,"minecraft:furnace":2,"minecraft:carrots":7,"minecraft:iron_ore":18,"minecraft:andesite":17,"treasure2:crystal_skull_chest":1,"chococraft:gysahl_green":12,"minecraft:potatoes":5,"minecraft:stone":235,"treasure2:gravestone3_polished_granite":1,"minecraft:crafting_table":4,"minecraft:tall_grass":14,"minecraft:cobblestone":14,"minecraft:oak_planks":1,"minecraft:wall_torch":6,"minecraft:birch_log":2,"minecraft:wheat":12,"minecraft:grass_path":1,"minecraft:grass":46,"minecraft:oak_log":29,"minecraft:coal_ore":35,"minecraft:beetroots":2,"minecraft:gravel":25,"minecraft:sand":4,"minecraft:dirt":46,"treasure2:gold_skull_chest":1,"minecraft:stone_bricks":6,"minecraft:oak_leaves":16,"minecraft:infested_stone":3},"minecraft:crafted":{"minecraft:oak_planks":52,"minecraft:stone_shovel":1,"minecraft:furnace":1,"minecraft:bone_meal":3,"minecraft:stone_pickaxe":4,"minecraft:crafting_table":5,"minecraft:wooden_pickaxe":1,"minecraft:iron_helmet":1,"minecraft:birch_planks":8,"minecraft:stone_axe":3,"minecraft:air":0,"minecraft:oak_boat":1,"minecraft:wooden_hoe":1,"minecraft:iron_chestplate":1,"minecraft:shield":1,"minecraft:stick":28,"minecraft:iron_ingot":18,"minecraft:iron_pickaxe":1,"minecraft:wooden_axe":1,"minecraft:torch":24,"chococraft:gysahl_green_seeds":2},"minecraft:killed":{"aquaculture:bluegill":1,"minecraft:spider":2,"aquaculture:smallmouth_bass":1,"aquaculture:muskellunge":1,"minecraft:skeleton":2,"minecraft:silverfish":1,"aquaculture:perch":1,"aquaculture:carp":1,"treasure2:bound_soul":2,"minecraft:pig":1,"minecraft:iron_golem":1,"minecraft:creeper":1,"minecraft:sheep":1,"aquaculture:minnow":1,"minecraft:zombie":6,"minecraft:cow":6},"minecraft:killed_by":{"minecraft:player":1,"minecraft:spider":1,"minecraft:skeleton":1},"minecraft:custom":{"minecraft:mob_kills":31,"minecraft:interact_with_crafting_table":23,"minecraft:leave_game":4,"minecraft:time_since_death":4906,"minecraft:sprint_one_cm":195675,"minecraft:walk_one_cm":203504,"minecraft:damage_blocked_by_shield":1260,"minecraft:drop":35,"minecraft:deaths":3,"minecraft:sneak_time":1332,"minecraft:walk_under_water_one_cm":8477,"minecraft:boat_one_cm":339,"minecraft:jump":2145,"minecraft:interact_with_blast_furnace":1,"minecraft:walk_on_water_one_cm":9953,"minecraft:interact_with_furnace":11,"minecraft:play_one_minute":80940,"minecraft:sleep_in_bed":2,"minecraft:time_since_rest":4353,"minecraft:waystone_activated":1,"minecraft:damage_taken":2465,"minecraft:damage_dealt":6592,"minecraft:swim_one_cm":13160,"minecraft:fly_one_cm":278824,"minecraft:open_chest":2,"minecraft:crouch_one_cm":1099,"minecraft:fall_one_cm":49028},"minecraft:dropped":{"aquaculture:carp":1,"minecraft:iron_sword":1,"minecraft:ender_pearl":1,"minecraft:iron_helmet":1,"aquaculture:minnow":1,"treasure2:silver_necklace":1,"minecraft:red_carpet":8,"vampirism:altar_pillar":2,"minecraft:wooden_hoe":1,"minecraft:iron_leggings":1,"minecraft:bone_meal":1,"minecraft:sand":4,"treasure2:silver_bracelet":1,"minecraft:white_wool":2,"minecraft:dandelion":2,"minecraft:stone_axe":1,"minecraft:sugar_cane":13,"aquaculture:perch":2,"minecraft:rotten_flesh":10,"minecraft:oak_planks":29,"minecraft:iron_boots":1,"treasure2:silver_coin":4,"minecraft:poppy":2,"minecraft:shield":1,"minecraft:gunpowder":2,"minecraft:spider_eye":1,"minecraft:wooden_pickaxe":1,"minecraft:arrow":6,"minecraft:glass":1},"minecraft:broken":{"minecraft:stone_pickaxe":2,"minecraft:stone_axe":1}},"DataVersion":2586}