{"stats":{"minecraft:used":{"treasure2:ironbound_chest":1,"minecraft:iron_shovel":113,"minecraft:chest":4,"minecraft:shield":69,"minecraft:iron_sword":280,"minecraft:zombie_spawn_egg":1,"vampirism:blood_container":3,"minecraft:mutton":4,"minecraft:glass":6,"minecraft:stone_bricks":112,"minecraft:red_carpet":45,"minecraft:furnace":6,"minecraft:oak_sapling":2,"wrd:dungeon_pedestal":1,"minecraft:diorite":5,"minecraft:spruce_door":8,"minecraft:stone_pickaxe":48,"minecraft:oak_planks":43,"minecraft:wooden_pickaxe":23,"minecraft:oak_leaves":6,"minecraft:white_wool":1,"treasure2:thiefs_lock_pick":1,"wrd:open_chest_stronghold_library":2,"minecraft:shears":12,"waystones:waystone":2,"minecraft:dark_oak_log":2,"minecraft:bread":2,"minecraft:string":1,"minecraft:gravel":1,"locks:wood_lock_pick":3,"wrd:candle_wax_bits":1,"wrd:cracked_time_stone":3,"minecraft:birch_log":1,"minecraft:oak_boat":1,"minecraft:bone_meal":3,"minecraft:stone_sword":154,"vampirism:heart_seeker_enhanced":6,"minecraft:spruce_planks":410,"minecraft:torch":144,"minecraft:dirt":57,"scalinghealth:heart_crystal":7,"locks:iron_lock_pick":1,"minecraft:dark_oak_planks":12,"minecraft:iron_axe":308,"scalinghealth:power_crystal":1,"minecraft:beef":2,"minecraft:cooked_beef":51,"vampirism:altar_inspiration":1,"minecraft:iron_ore":4,"minecraft:cobblestone_stairs":2,"treasure2:chipped_steel_short_sword":103,"minecraft:stonecutter":1,"minecraft:gold_ore":1,"minecraft:crafting_table":14,"minecraft:white_bed":10,"minecraft:spruce_log":100,"minecraft:oak_log":5,"minecraft:iron_pickaxe":1908,"minecraft:spruce_trapdoor":9,"minecraft:spruce_sapling":36,"minecraft:stone_axe":145,"minecraft:potion":1,"minecraft:cobblestone":371,"minecraft:cooked_porkchop":33,"minecraft:glass_pane":16},"minecraft:picked_up":{"treasure2:charm_book":4,"minecraft:iron_chestplate":6,"minecraft:wheat":2,"minecraft:lead":5,"minecraft:potion":1,"minecraft:enchanted_book":2,"locks:iron_lock_pick":3,"treasure2:chipped_steel_short_sword":5,"relics:camouflage_ring":2,"vampirism:holy_water_bottle_normal":1,"minecraft:string":6,"minecraft:iron_leggings":5,"vampirism:obi_belt":1,"treasure2:silver_necklace":6,"minecraft:spruce_planks":104,"minecraft:ender_eye":6,"minecraft:iron_pickaxe":7,"minecraft:iron_boots":4,"minecraft:furnace":6,"minecraft:stick":37,"minecraft:torch":59,"minecraft:porkchop":102,"vampirism:holy_water_bottle_enhanced":4,"vampirism:vampire_fang":1,"minecraft:diorite":51,"vampirism:amulet":2,"vampirism:blood_bottle":4,"minecraft:rotten_flesh":23,"treasure2:iron_key":6,"minecraft:blaze_powder":7,"vampirism:heart_seeker_enhanced":2,"minecraft:cobblestone":2154,"minecraft:birch_log":1,"minecraft:cooked_beef":104,"minecraft:andesite":39,"minecraft:flint":8,"minecraft:lapis_lazuli":142,"minecraft:dirt":261,"minecraft:glass":41,"minecraft:bone":23,"minecraft:bow":1,"minecraft:wheat_seeds":19,"vampirism:altar_pillar":1,"minecraft:oak_planks":24,"minecraft:cooked_porkchop":30,"vampirism:ring":5,"minecraft:sand":102,"minecraft:ink_sac":6,"minecraft:grass_block":2,"minecraft:dark_oak_log":5,"treasure2:thiefs_lock_pick":4,"minecraft:diamond":11,"minecraft:soul_lantern":4,"waystones:waystone":3,"locks:steel_lock_mechanism":1,"minecraft:granite":46,"minecraft:golden_apple":1,"scalinghealth:cursed_heart":3,"wrd:candle_wax_bits":2,"minecraft:emerald":22,"minecraft:oak_sapling":2,"minecraft:oak_leaves":12,"locks:iron_lock_mechanism":2,"locks:wood_lock_pick":4,"wrd:open_chest_stronghold_library":7,"treasure2:stone_lock":2,"minecraft:crafting_table":10,"locks:gold_lock_pick":3,"minecraft:chicken":1,"minecraft:azure_bluet":6,"relics:out_runner":1,"treasure2:treasure_tool":4,"minecraft:gold_block":1,"minecraft:shield":6,"minecraft:iron_axe":4,"minecraft:iron_shovel":1,"minecraft:beef":77,"locks:wood_lock_mechanism":5,"minecraft:oak_boat":1,"minecraft:iron_nugget":28,"minecraft:poppy":29,"minecraft:light_gray_wool":2,"wrd:cracked_time_stone":2,"minecraft:sugar_cane":1,"minecraft:chest":1,"minecraft:spruce_trapdoor":3,"treasure2:onyx":7,"minecraft:egg":6,"treasure2:peasants_fortune":3,"minecraft:stone":1,"treasure2:pilferers_lock_pick":1,"locks:iron_lock":2,"minecraft:fire_charge":2,"minecraft:redstone":189,"treasure2:wood_lock":2,"minecraft:arrow":68,"vampirism:altar_inspiration":1,"minecraft:peony":1,"minecraft:mutton":36,"treasure2:silver_bracelet":5,"minecraft:white_wool":25,"minecraft:leather":88,"minecraft:oak_log":40,"minecraft:gunpowder":2,"minecraft:cobblestone_stairs":6,"scalinghealth:heart_crystal":1,"mca:book_romance":1,"chococraft:chocobo_feather":7,"minecraft:red_carpet":25,"minecraft:apple":6,"minecraft:stone_bricks":47,"minecraft:iron_ingot":129,"minecraft:iron_ore":567,"scalinghealth:power_crystal_shard":28,"minecraft:glass_bottle":2,"vampirism:holy_water_bottle_ultimate":5,"minecraft:iron_sword":2,"scalinghealth:heart_crystal_shard":95,"vampirism:fire_place":2,"minecraft:red_wool":1,"minecraft:dandelion":1,"minecraft:gravel":14,"minecraft:spruce_sapling":42,"chococraft:gysahl_green_seeds":4,"minecraft:white_bed":9,"minecraft:spruce_log":201,"minecraft:gold_ore":84,"minecraft:spruce_door":8,"vampirism:hunter_axe_ultimate":1,"minecraft:spider_eye":4,"treasure2:copper_coin":16,"treasure2:ironbound_chest":1,"treasure2:silver_coin":12,"minecraft:stone_axe":1,"minecraft:iron_helmet":3,"minecraft:coal":257,"minecraft:ender_pearl":10},"minecraft:mined":{"minecraft:spruce_planks":92,"minecraft:white_bed":8,"minecraft:cobblestone_stairs":2,"minecraft:spruce_trapdoor":3,"minecraft:granite":47,"minecraft:grass_block":56,"minecraft:spawner":1,"treasure2:gravestone3_spawner_obsidian":1,"minecraft:iron_ore":213,"chococraft:gysahl_green":4,"treasure2:onyx_ore":1,"minecraft:torch":1,"minecraft:poppy":24,"minecraft:chest":2,"minecraft:glass":6,"minecraft:cobblestone":82,"minecraft:sugar_cane":2,"minecraft:oak_planks":19,"minecraft:wall_torch":7,"wrd:candle_wax_bits":1,"minecraft:grass":75,"minecraft:oak_log":34,"wrd:open_chest_stronghold_library":5,"minecraft:sand":68,"minecraft:dirt":74,"minecraft:oak_leaves":69,"minecraft:diamond_ore":1,"minecraft:red_carpet":21,"scalinghealth:power_crystal_ore":17,"minecraft:dark_oak_log":5,"minecraft:spruce_leaves":254,"minecraft:redstone_ore":14,"minecraft:spruce_sapling":7,"minecraft:furnace":3,"minecraft:andesite":41,"minecraft:peony":1,"minecraft:gold_block":1,"minecraft:rail":1,"minecraft:stone":1211,"scalinghealth:heart_crystal_ore":14,"minecraft:spruce_door":4,"minecraft:crafting_table":10,"minecraft:emerald_ore":10,"minecraft:rose_bush":1,"minecraft:tall_grass":9,"minecraft:lapis_ore":4,"minecraft:diorite":43,"treasure2:topaz_ore":1,"treasure2:ironbound_chest":1,"minecraft:spruce_log":202,"minecraft:birch_leaves":1,"minecraft:coal_ore":143,"vampirism:fire_place":1,"minecraft:gravel":17,"minecraft:cobweb":6,"minecraft:stone_bricks":15,"minecraft:gold_ore":38},"minecraft:crafted":{"minecraft:oak_planks":116,"minecraft:stone":120,"minecraft:cobblestone_stairs":4,"minecraft:cooked_mutton":6,"minecraft:glass":12,"minecraft:iron_boots":2,"vampirism:altar_inspiration":1,"minecraft:chest":3,"scalinghealth:power_crystal":1,"treasure2:thiefs_lock_pick":3,"minecraft:glass_bottle":3,"treasure2:treasure_tool":1,"minecraft:cooked_porkchop":52,"minecraft:crafting_table":4,"minecraft:spruce_planks":404,"minecraft:wooden_pickaxe":1,"minecraft:iron_helmet":2,"minecraft:spruce_door":3,"minecraft:red_wool":21,"minecraft:spruce_trapdoor":6,"minecraft:iron_chestplate":2,"minecraft:shield":1,"minecraft:stick":100,"minecraft:iron_ingot":138,"minecraft:iron_pickaxe":11,"minecraft:stone_sword":1,"minecraft:gold_ingot":5,"minecraft:shears":1,"minecraft:spruce_button":3,"minecraft:furnace":4,"minecraft:bone_meal":3,"minecraft:glass_pane":16,"locks:wood_lock_pick":8,"minecraft:iron_axe":2,"minecraft:stone_pickaxe":1,"minecraft:dark_oak_planks":12,"minecraft:cooked_beef":64,"minecraft:red_dye":22,"locks:iron_lock_pick":2,"minecraft:iron_sword":1,"scalinghealth:heart_crystal":6,"minecraft:red_carpet":30,"minecraft:stone_axe":2,"minecraft:air":0,"vampirism:altar_pillar":1,"minecraft:oak_boat":1,"minecraft:iron_shovel":1,"minecraft:iron_leggings":2,"minecraft:stonecutter":1,"minecraft:white_bed":1,"vampirism:blood_container":4,"minecraft:torch":108},"minecraft:killed_by":{"vampirism:advanced_vampire":2,"minecraft:creeper":1,"minecraft:zombie":2,"minecraft:spider":1,"minecraft:iron_golem":1},"minecraft:killed":{"vampirism:vampire":3,"minecraft:cave_spider":3,"minecraft:witch":1,"minecraft:spider":3,"minecraft:skeleton":16,"minecraft:chicken":1,"vampirism:task_master_vampire":1,"minecraft:pig":42,"minecraft:iron_golem":1,"minecraft:creeper":1,"minecraft:sheep":26,"minecraft:zombie":21,"minecraft:cow":35,"mca:male_zombie_villager":1,"treasure2:bound_soul":1,"minecraft:husk":3},"minecraft:custom":{"minecraft:interact_with_crafting_table":119,"minecraft:leave_game":11,"minecraft:time_since_death":28845,"minecraft:sprint_one_cm":1241943,"minecraft:damage_blocked_by_shield":5648,"minecraft:drop":78,"minecraft:deaths":7,"minecraft:jump":11109,"minecraft:walk_on_water_one_cm":92676,"minecraft:interact_with_furnace":66,"minecraft:play_one_minute":570996,"minecraft:sleep_in_bed":24,"minecraft:waystone_activated":3,"minecraft:damage_dealt":30725,"minecraft:crouch_one_cm":2055,"minecraft:interact_with_smithing_table":1,"minecraft:mob_kills":171,"minecraft:damage_dealt_resisted":220,"minecraft:climb_one_cm":1042,"minecraft:walk_one_cm":1673320,"minecraft:sneak_time":1458,"minecraft:walk_under_water_one_cm":12172,"minecraft:boat_one_cm":588,"minecraft:interact_with_stonecutter":11,"minecraft:time_since_rest":28870,"minecraft:damage_taken":112371,"minecraft:swim_one_cm":36647,"minecraft:fly_one_cm":1875992,"minecraft:open_chest":136,"minecraft:fall_one_cm":301023},"minecraft:dropped":{"minecraft:glass_bottle":2,"minecraft:leather":5,"treasure2:chipped_steel_short_sword":1,"minecraft:dirt":119,"minecraft:iron_pickaxe":1,"minecraft:gravel":13,"minecraft:iron_nugget":14,"minecraft:soul_lantern":3,"minecraft:rotten_flesh":3,"minecraft:azure_bluet":6,"minecraft:poppy":3,"minecraft:arrow":17,"minecraft:egg":2,"minecraft:bread":3,"minecraft:iron_ingot":6,"minecraft:wheat_seeds":2,"locks:steel_lock_mechanism":1,"minecraft:cobblestone":615,"minecraft:granite":43,"treasure2:silver_necklace":1,"minecraft:coal":1,"minecraft:stick":2,"minecraft:diorite":26,"treasure2:charm_book":1,"vampirism:ring":1,"minecraft:spruce_sapling":2,"chococraft:chocobo_feather":1,"minecraft:light_gray_wool":2,"relics:out_runner":1,"scalinghealth:power_crystal_shard":2,"minecraft:stone":1,"minecraft:shield":1,"minecraft:peony":1,"minecraft:andesite":19,"minecraft:oak_boat":1,"minecraft:spider_eye":1,"treasure2:onyx":1,"minecraft:bow":1,"minecraft:stone_pickaxe":1,"minecraft:wooden_pickaxe":1},"minecraft:broken":{"minecraft:iron_boots":1,"minecraft:iron_chestplate":1,"minecraft:iron_leggings":1,"minecraft:stone_axe":1,"minecraft:stone_sword":1,"minecraft:shield":1,"minecraft:iron_axe":1,"minecraft:iron_pickaxe":4,"minecraft:iron_helmet":1}},"DataVersion":2586}