{"stats":{"minecraft:custom":{"minecraft:interact_with_furnace":39,"minecraft:mob_kills":33,"minecraft:interact_with_crafting_table":29,"minecraft:leave_game":4,"minecraft:time_since_death":29960,"minecraft:climb_one_cm":4225,"minecraft:waystone_activated":3,"minecraft:time_since_rest":29983,"minecraft:sprint_one_cm":122830,"minecraft:damage_taken":2050,"minecraft:walk_one_cm":375988,"minecraft:drop":21,"minecraft:damage_dealt":4305,"minecraft:swim_one_cm":470,"minecraft:fly_one_cm":335130,"minecraft:open_chest":16,"minecraft:play_time":116460,"minecraft:sneak_time":78,"minecraft:deaths":2,"minecraft:walk_under_water_one_cm":2905,"minecraft:jump":1740,"minecraft:open_loot_ball":2,"minecraft:walk_on_water_one_cm":14336,"minecraft:total_world_time":116460,"minecraft:fall_one_cm":44945},"minecraft:mined":{"minecraft:podzol":1,"minecraft:deepslate_redstone_ore":6,"minecraft:farmland":1,"minecraft:deepslate_diamond_ore":4,"minecraft:crafting_table":1,"minecraft:ladder":1,"minecraft:granite":1,"minecraft:grass_block":13,"minecraft:melon":12,"minecraft:jungle_log":9,"minecraft:glass":2,"minecraft:copper_ore":2,"minecraft:cobblestone":26,"cobblemon:red_apricorn_sapling":1,"minecraft:oak_planks":5,"minecraft:moss_block":4,"minecraft:coarse_dirt":6,"minecraft:iron_ore":8,"cobblemon:persim_berry":2,"minecraft:grass":25,"minecraft:coal_ore":35,"minecraft:oak_log":33,"minecraft:deepslate_iron_ore":4,"minecraft:vine":1,"minecraft:sand":29,"minecraft:dirt":39,"minecraft:stone":80,"minecraft:oak_leaves":30,"minecraft:deepslate":3,"minecraft:fern":9},"minecraft:killed":{"mca:male_zombie_villager":1,"cobblemon:pokemon":1,"minecraft:spider":4,"minecraft:creeper":1,"minecraft:sheep":7,"minecraft:skeleton":5,"minecraft:zombie":9,"minecraft:cow":3},"minecraft:killed_by":{"minecraft:skeleton":2},"minecraft:used":{"minecraft:stone_sword":92,"minecraft:stone_pickaxe":105,"minecraft:stone_shovel":65,"minecraft:ladder":1,"minecraft:oak_planks":68,"minecraft:chest":2,"minecraft:wooden_pickaxe":7,"minecraft:stone_hoe":1,"lootballs:great_loot_ball":1,"minecraft:oak_door":1,"minecraft:torch":20,"minecraft:dirt":82,"minecraft:crafting_table":3,"waystones:waystone":2,"minecraft:glass":21,"minecraft:diamond_pickaxe":63,"minecraft:iron_pickaxe":4,"minecraft:melon_slice":32,"cobblemon:pc":1,"minecraft:stone_axe":104,"minecraft:cobblestone":74,"cobblemon:red_apricorn_seed":3,"minecraft:golden_carrot":8,"minecraft:furnace":2,"minecraft:cooked_beef":1,"minecraft:coarse_dirt":6},"minecraft:picked_up":{"minecraft:birch_log":3,"minecraft:coarse_dirt":9,"minecraft:crafting_table":1,"cobblemon:great_ball":1,"minecraft:ladder":1,"minecraft:jungle_log":9,"cobblemon:red_apricorn":20,"minecraft:oak_log":33,"minecraft:gunpowder":4,"minecraft:dirt":90,"minecraft:string":6,"minecraft:raw_copper":6,"minecraft:wheat_seeds":3,"cobblemon:black_apricorn":11,"minecraft:cobbled_deepslate":2,"minecraft:iron_ingot":1,"minecraft:beef":5,"cobblemon:oran_berry":32,"cobblemon:relic_coin":40,"minecraft:melon_slice":64,"minecraft:moss_block":6,"minecraft:chest":1,"minecraft:oak_planks":5,"cobblemon:chilan_berry":9,"minecraft:raw_iron":12,"cobblemon:red_apricorn_seed":5,"minecraft:stick":3,"minecraft:gravel":24,"minecraft:sand":28,"minecraft:jungle_planks":1,"cobblemon:persim_berry":36,"minecraft:redstone":26,"minecraft:spider_eye":2,"minecraft:arrow":10,"minecraft:rotten_flesh":6,"minecraft:diamond":4,"cobblemon:poke_ball":3,"waystones:waystone":2,"minecraft:granite":4,"minecraft:oak_sapling":1,"minecraft:mutton":10,"cobblemon:blue_apricorn":10,"minecraft:coal":34,"minecraft:white_wool":7,"minecraft:cobblestone":110},"minecraft:crafted":{"minecraft:cooked_beef":5,"minecraft:oak_door":3,"minecraft:smooth_stone":2,"minecraft:oak_planks":128,"minecraft:stone_shovel":1,"minecraft:crafting_table":2,"minecraft:wooden_pickaxe":1,"cobblemon:pc":1,"minecraft:furnace":2,"minecraft:copper_ingot":6,"minecraft:stone":2,"minecraft:stone_axe":1,"minecraft:cooked_mutton":1,"minecraft:air":0,"minecraft:glass_pane":16,"minecraft:jungle_planks":36,"minecraft:glass":28,"cobblemon:poke_ball":8,"minecraft:diamond_pickaxe":1,"minecraft:stick":56,"minecraft:iron_ingot":7,"minecraft:iron_pickaxe":1,"minecraft:stone_pickaxe":1,"minecraft:stone_sword":1,"minecraft:chest":2,"cobblemon:azure_ball":8,"minecraft:torch":20,"minecraft:stone_hoe":1,"cobblemon:great_ball":4},"minecraft:dropped":{"minecraft:moss_block":6,"minecraft:coarse_dirt":3,"minecraft:granite":4,"minecraft:jungle_planks":2,"minecraft:gunpowder":4,"cobblemon:white_apricorn":1,"minecraft:oak_sapling":1,"minecraft:chest":1,"minecraft:spider_eye":2,"minecraft:arrow":5,"minecraft:string":1}},"DataVersion":3465}