{"stats":{"minecraft:used":{"treasure2:ironbound_chest":1,"minecraft:iron_shovel":113,"minecraft:chest":5,"minecraft:iron_sword":320,"minecraft:shield":69,"minecraft:zombie_spawn_egg":1,"vampirism:blood_container":3,"minecraft:mutton":4,"minecraft:glass":6,"minecraft:stone_bricks":112,"minecraft:red_carpet":45,"treasure2:gold_skull_chest":2,"minecraft:oak_sapling":2,"minecraft:furnace":6,"wrd:dungeon_pedestal":1,"minecraft:diorite":5,"minecraft:spruce_door":8,"minecraft:stone_pickaxe":49,"minecraft:oak_planks":43,"minecraft:wooden_pickaxe":34,"vampirism:human_heart":1,"minecraft:oak_leaves":6,"minecraft:white_wool":1,"treasure2:thiefs_lock_pick":1,"scalinghealth:cursed_heart":2,"wrd:open_chest_stronghold_library":2,"minecraft:shears":12,"waystones:waystone":3,"minecraft:dark_oak_log":2,"minecraft:bread":2,"minecraft:string":1,"minecraft:gravel":1,"locks:wood_lock_pick":3,"wrd:candle_wax_bits":1,"wrd:cracked_time_stone":3,"minecraft:birch_log":1,"minecraft:oak_boat":1,"minecraft:bone_meal":3,"minecraft:stone_sword":154,"vampirism:heart_seeker_enhanced":6,"minecraft:spruce_planks":410,"minecraft:torch":144,"minecraft:dirt":64,"scalinghealth:heart_crystal":9,"locks:iron_lock_pick":1,"minecraft:dark_oak_planks":12,"minecraft:iron_axe":308,"scalinghealth:power_crystal":1,"minecraft:beef":2,"minecraft:cooked_beef":51,"vampirism:altar_inspiration":1,"minecraft:iron_ore":4,"minecraft:cobblestone_stairs":2,"treasure2:chipped_steel_short_sword":103,"minecraft:stonecutter":1,"minecraft:gold_ore":1,"minecraft:crafting_table":17,"minecraft:white_bed":10,"minecraft:spruce_log":100,"minecraft:oak_log":5,"minecraft:iron_pickaxe":1916,"minecraft:spruce_trapdoor":9,"minecraft:spruce_sapling":36,"minecraft:stone_axe":145,"minecraft:potion":1,"minecraft:cobblestone":371,"minecraft:cooked_porkchop":33,"minecraft:glass_pane":16},"minecraft:picked_up":{"treasure2:charm_book":4,"minecraft:iron_chestplate":7,"minecraft:wheat":2,"minecraft:lead":5,"minecraft:potion":1,"minecraft:enchanted_book":2,"locks:iron_lock_pick":3,"treasure2:chipped_steel_short_sword":5,"relics:camouflage_ring":3,"vampirism:holy_water_bottle_normal":1,"minecraft:string":8,"minecraft:iron_leggings":6,"vampirism:obi_belt":1,"treasure2:silver_necklace":7,"treasure2:stone_key":1,"minecraft:spruce_planks":104,"minecraft:ender_eye":6,"minecraft:iron_pickaxe":8,"minecraft:furnace":8,"minecraft:iron_boots":5,"minecraft:stick":37,"minecraft:torch":59,"minecraft:porkchop":105,"vampirism:holy_water_bottle_enhanced":5,"vampirism:vampire_fang":2,"minecraft:diorite":51,"treasure2:emerald_lock":1,"vampirism:amulet":2,"vampirism:blood_bottle":4,"minecraft:rotten_flesh":31,"treasure2:iron_key":6,"minecraft:blaze_powder":7,"vampirism:heart_seeker_enhanced":2,"minecraft:cobblestone":2235,"minecraft:birch_log":1,"minecraft:cooked_beef":113,"minecraft:andesite":39,"minecraft:flint":8,"treasure2:ring_of_fortitude":2,"minecraft:lapis_lazuli":142,"minecraft:dirt":332,"treasure2:crystal_skull_chest":1,"minecraft:glass":42,"minecraft:bone":26,"minecraft:bow":1,"minecraft:wheat_seeds":36,"vampirism:altar_pillar":2,"vampirism:item_garlic":3,"minecraft:glowstone_dust":3,"minecraft:oak_planks":24,"minecraft:cooked_porkchop":30,"vampirism:ring":5,"minecraft:sand":102,"minecraft:ink_sac":6,"minecraft:grass_block":2,"minecraft:dark_oak_log":5,"treasure2:thiefs_lock_pick":4,"minecraft:diamond":11,"minecraft:soul_lantern":4,"waystones:waystone":4,"locks:steel_lock_mechanism":1,"minecraft:granite":46,"minecraft:golden_apple":1,"minecraft:emerald":22,"wrd:candle_wax_bits":2,"scalinghealth:cursed_heart":5,"minecraft:oak_sapling":2,"minecraft:oak_leaves":12,"locks:iron_lock_mechanism":2,"locks:wood_lock_pick":4,"wrd:open_chest_stronghold_library":7,"treasure2:stone_lock":2,"locks:gold_lock_pick":3,"minecraft:crafting_table":11,"minecraft:chicken":1,"minecraft:azure_bluet":6,"relics:out_runner":1,"minecraft:wooden_pickaxe":1,"treasure2:treasure_tool":4,"minecraft:gold_block":1,"minecraft:shield":8,"minecraft:iron_axe":4,"minecraft:iron_shovel":1,"treasure2:gold_skull_chest":4,"minecraft:beef":90,"locks:wood_lock_mechanism":5,"minecraft:oak_boat":2,"minecraft:iron_nugget":28,"minecraft:poppy":31,"minecraft:light_gray_wool":2,"wrd:cracked_time_stone":2,"minecraft:sugar_cane":14,"minecraft:chest":1,"minecraft:spruce_trapdoor":3,"treasure2:onyx":7,"minecraft:egg":6,"treasure2:peasants_fortune":3,"minecraft:stone":1,"treasure2:pilferers_lock_pick":1,"locks:iron_lock":2,"aquaculture:perch":2,"minecraft:fire_charge":2,"minecraft:carrot":9,"minecraft:redstone":189,"treasure2:wood_lock":2,"minecraft:arrow":85,"minecraft:stone_shovel":1,"vampirism:altar_inspiration":1,"minecraft:peony":1,"minecraft:hay_block":14,"minecraft:mutton":45,"treasure2:silver_bracelet":6,"minecraft:white_wool":33,"vampirism:vampire_blood_bottle":1,"minecraft:leather":96,"minecraft:oak_log":75,"vampirism:armor_of_swiftness_legs_ultimate":1,"minecraft:gunpowder":2,"minecraft:cobblestone_stairs":6,"scalinghealth:heart_crystal":3,"mca:book_romance":2,"chococraft:chocobo_feather":7,"minecraft:red_carpet":29,"vampirism:human_heart":2,"chococraft:gysahl_green":16,"minecraft:apple":6,"minecraft:stone_bricks":47,"minecraft:iron_ingot":225,"minecraft:stone_pickaxe":3,"minecraft:iron_ore":567,"scalinghealth:power_crystal_shard":28,"aquaculture:minnow":3,"minecraft:glass_bottle":2,"vampirism:holy_water_bottle_ultimate":8,"minecraft:iron_sword":3,"vampirism:pure_salt":3,"aquaculture:smallmouth_bass":7,"scalinghealth:heart_crystal_shard":95,"vampirism:fire_place":2,"minecraft:red_wool":1,"minecraft:dandelion":2,"minecraft:gravel":14,"minecraft:spruce_sapling":42,"chococraft:gysahl_green_seeds":13,"minecraft:white_bed":9,"minecraft:spruce_log":201,"minecraft:gold_ore":84,"vampirism:hunter_axe_ultimate":1,"minecraft:spruce_door":8,"minecraft:spider_eye":5,"treasure2:copper_coin":16,"treasure2:ironbound_chest":1,"treasure2:silver_coin":16,"minecraft:stone_axe":3,"minecraft:iron_helmet":4,"treasure2:emerald_key":1,"minecraft:coal":283,"minecraft:ender_pearl":11},"minecraft:mined":{"minecraft:spruce_planks":92,"minecraft:white_bed":8,"minecraft:cobblestone_stairs":2,"minecraft:spruce_trapdoor":3,"minecraft:granite":47,"minecraft:grass_block":61,"minecraft:spawner":1,"treasure2:gravestone3_spawner_obsidian":1,"minecraft:glowstone":1,"minecraft:iron_ore":213,"chococraft:gysahl_green":4,"treasure2:onyx_ore":1,"minecraft:torch":1,"minecraft:poppy":24,"minecraft:chest":2,"minecraft:glass":6,"minecraft:cobblestone":82,"minecraft:sugar_cane":12,"minecraft:oak_planks":19,"minecraft:wall_torch":7,"wrd:candle_wax_bits":1,"minecraft:grass":82,"minecraft:oak_log":37,"wrd:open_chest_stronghold_library":5,"minecraft:sand":68,"minecraft:dirt":76,"treasure2:gold_skull_chest":3,"minecraft:oak_leaves":70,"minecraft:diamond_ore":1,"minecraft:red_carpet":21,"scalinghealth:power_crystal_ore":17,"minecraft:dark_oak_log":5,"minecraft:spruce_leaves":254,"minecraft:redstone_ore":14,"minecraft:spruce_sapling":7,"minecraft:furnace":3,"minecraft:andesite":41,"minecraft:peony":1,"minecraft:gold_block":1,"minecraft:rail":1,"minecraft:stone":1211,"scalinghealth:heart_crystal_ore":14,"minecraft:spruce_door":4,"minecraft:crafting_table":10,"minecraft:emerald_ore":10,"minecraft:rose_bush":1,"minecraft:tall_grass":10,"minecraft:lapis_ore":4,"minecraft:diorite":43,"treasure2:topaz_ore":1,"treasure2:ironbound_chest":1,"minecraft:spruce_log":202,"minecraft:birch_leaves":1,"minecraft:coal_ore":143,"vampirism:fire_place":1,"minecraft:gravel":17,"minecraft:cobweb":6,"minecraft:stone_bricks":15,"minecraft:gold_ore":38},"minecraft:crafted":{"minecraft:oak_planks":192,"minecraft:stone":120,"minecraft:cobblestone_stairs":4,"minecraft:cooked_mutton":6,"minecraft:glass":12,"minecraft:iron_boots":2,"vampirism:altar_inspiration":1,"minecraft:chest":4,"scalinghealth:power_crystal":1,"treasure2:thiefs_lock_pick":3,"minecraft:glass_bottle":3,"treasure2:treasure_tool":1,"minecraft:cooked_porkchop":52,"minecraft:crafting_table":7,"minecraft:spruce_planks":404,"minecraft:wooden_pickaxe":2,"minecraft:iron_helmet":2,"minecraft:spruce_door":3,"minecraft:red_wool":21,"minecraft:spruce_trapdoor":6,"minecraft:iron_chestplate":2,"minecraft:shield":1,"minecraft:stick":104,"minecraft:iron_ingot":138,"minecraft:iron_pickaxe":11,"minecraft:stone_sword":1,"minecraft:gold_ingot":5,"minecraft:shears":1,"minecraft:spruce_button":3,"minecraft:furnace":4,"minecraft:bone_meal":3,"minecraft:glass_pane":16,"locks:wood_lock_pick":8,"minecraft:iron_axe":2,"minecraft:stone_pickaxe":1,"minecraft:dark_oak_planks":12,"minecraft:cooked_beef":64,"minecraft:red_dye":22,"locks:iron_lock_pick":2,"minecraft:iron_sword":2,"scalinghealth:heart_crystal":6,"minecraft:red_carpet":30,"minecraft:stone_axe":2,"minecraft:air":0,"vampirism:altar_pillar":1,"minecraft:oak_boat":1,"minecraft:iron_shovel":1,"minecraft:iron_leggings":2,"minecraft:stonecutter":1,"minecraft:white_bed":1,"vampirism:blood_container":4,"minecraft:torch":108},"minecraft:killed_by":{"vampirism:hunter_trainer":1,"vampirism:advanced_vampire":2,"minecraft:creeper":1,"minecraft:zombie":2,"minecraft:spider":1,"minecraft:iron_golem":1},"minecraft:killed":{"vampirism:vampire":3,"minecraft:cave_spider":3,"minecraft:witch":1,"minecraft:spider":5,"aquaculture:smallmouth_bass":1,"minecraft:skeleton":17,"wrd:bait_snapper":1,"minecraft:chicken":1,"vampirism:task_master_vampire":1,"minecraft:pig":42,"minecraft:iron_golem":1,"minecraft:creeper":1,"vampirism:hunter":3,"minecraft:sheep":27,"minecraft:zombie":24,"minecraft:cow":35,"mca:male_zombie_villager":1,"treasure2:bound_soul":1,"minecraft:husk":3},"minecraft:custom":{"minecraft:interact_with_crafting_table":127,"minecraft:leave_game":12,"minecraft:time_since_death":66115,"minecraft:sprint_one_cm":1535929,"minecraft:damage_blocked_by_shield":5648,"minecraft:drop":143,"minecraft:deaths":8,"minecraft:jump":13263,"minecraft:walk_on_water_one_cm":106991,"minecraft:interact_with_furnace":66,"minecraft:play_one_minute":669636,"minecraft:sleep_in_bed":26,"minecraft:waystone_activated":5,"minecraft:damage_dealt":34603,"minecraft:player_kills":1,"minecraft:crouch_one_cm":6178,"minecraft:interact_with_smithing_table":1,"minecraft:mob_kills":189,"minecraft:damage_dealt_resisted":584,"minecraft:climb_one_cm":1042,"minecraft:walk_one_cm":1829210,"minecraft:sneak_time":3536,"minecraft:walk_under_water_one_cm":16786,"minecraft:boat_one_cm":588,"minecraft:interact_with_stonecutter":11,"minecraft:time_since_rest":26983,"minecraft:damage_taken":114755,"minecraft:damage_absorbed":52,"minecraft:swim_one_cm":44985,"minecraft:fly_one_cm":2342177,"minecraft:open_chest":149,"minecraft:fall_one_cm":372732},"minecraft:dropped":{"treasure2:gold_skull_chest":1,"minecraft:porkchop":3,"minecraft:cooked_beef":22,"vampirism:armor_of_swiftness_legs_ultimate":1,"minecraft:oak_log":16,"minecraft:glass_bottle":2,"minecraft:crafting_table":1,"aquaculture:smallmouth_bass":4,"minecraft:cooked_porkchop":1,"minecraft:leather":9,"aquaculture:minnow":2,"treasure2:chipped_steel_short_sword":1,"minecraft:dirt":183,"minecraft:iron_pickaxe":2,"minecraft:bone":3,"minecraft:gravel":13,"minecraft:stone_axe":1,"minecraft:iron_nugget":14,"aquaculture:perch":1,"minecraft:soul_lantern":3,"vampirism:holy_water_bottle_enhanced":1,"minecraft:rotten_flesh":3,"minecraft:oak_planks":3,"minecraft:cooked_mutton":6,"minecraft:azure_bluet":6,"minecraft:carrot":8,"treasure2:silver_coin":4,"minecraft:poppy":3,"vampirism:vampire_blood_bottle":1,"vampirism:vampire_fang":1,"minecraft:arrow":17,"minecraft:beef":13,"minecraft:egg":2,"vampirism:item_garlic":2,"minecraft:bread":3,"minecraft:iron_ingot":54,"minecraft:wheat_seeds":19,"vampirism:pure_salt":3,"locks:steel_lock_mechanism":1,"minecraft:cobblestone":679,"chococraft:gysahl_green_seeds":9,"minecraft:granite":43,"treasure2:silver_necklace":1,"treasure2:crystal_skull_chest":1,"minecraft:coal":27,"minecraft:stick":4,"mca:book_romance":1,"minecraft:diorite":26,"treasure2:charm_book":1,"treasure2:ring_of_fortitude":2,"vampirism:ring":1,"minecraft:spruce_sapling":2,"minecraft:furnace":1,"chococraft:chocobo_feather":1,"vampirism:holy_water_bottle_ultimate":3,"minecraft:stone_shovel":1,"minecraft:light_gray_wool":2,"relics:out_runner":1,"scalinghealth:power_crystal_shard":2,"minecraft:hay_block":14,"minecraft:stone":1,"minecraft:shield":2,"minecraft:peony":1,"minecraft:andesite":19,"minecraft:oak_boat":2,"minecraft:spider_eye":1,"treasure2:onyx":1,"minecraft:bow":1,"minecraft:stone_pickaxe":3,"minecraft:wooden_pickaxe":2,"chococraft:gysahl_green":16},"minecraft:broken":{"minecraft:iron_boots":1,"minecraft:iron_chestplate":1,"minecraft:iron_leggings":1,"minecraft:stone_axe":1,"minecraft:stone_sword":1,"minecraft:shield":1,"minecraft:iron_axe":1,"minecraft:iron_pickaxe":4,"minecraft:iron_helmet":1}},"DataVersion":2586}