{"stats":{"minecraft:custom":{"minecraft:time_since_rest":161,"minecraft:sprint_one_cm":27987,"minecraft:damage_taken":325,"minecraft:walk_one_cm":81177,"minecraft:mob_kills":5,"minecraft:drop":2,"minecraft:damage_dealt":786,"minecraft:swim_one_cm":470,"minecraft:interact_with_crafting_table":4,"minecraft:fly_one_cm":205076,"minecraft:open_chest":1,"minecraft:play_time":39102,"minecraft:deaths":1,"minecraft:sneak_time":70,"minecraft:walk_under_water_one_cm":53,"minecraft:jump":334,"minecraft:leave_game":2,"minecraft:walk_on_water_one_cm":746,"minecraft:time_since_death":134,"minecraft:climb_one_cm":784,"minecraft:total_world_time":39102,"minecraft:fall_one_cm":5992},"minecraft:mined":{"minecraft:podzol":1,"cobblemon:persim_berry":2,"minecraft:crafting_table":1,"minecraft:grass":18,"minecraft:grass_block":5,"minecraft:melon":12,"minecraft:vine":1,"minecraft:jungle_log":9,"minecraft:dirt":7,"minecraft:stone":25,"minecraft:oak_leaves":18,"minecraft:fern":8},"minecraft:killed":{"minecraft:zombie":1,"mca:male_zombie_villager":1,"minecraft:creeper":1,"minecraft:cow":2},"minecraft:killed_by":{"minecraft:skeleton":1},"minecraft:crafted":{"minecraft:stone_shovel":1,"minecraft:crafting_table":1,"minecraft:stick":56,"minecraft:wooden_pickaxe":1,"minecraft:stone_pickaxe":1,"minecraft:stone_sword":1,"minecraft:stone_hoe":1,"minecraft:stone_axe":1,"minecraft:jungle_planks":36},"minecraft:used":{"minecraft:stone_sword":17,"minecraft:melon_slice":5,"minecraft:stone_pickaxe":21,"minecraft:wooden_pickaxe":7,"minecraft:stone_axe":42,"minecraft:dirt":1,"minecraft:crafting_table":1},"minecraft:picked_up":{"cobblemon:chilan_berry":9,"minecraft:crafting_table":1,"minecraft:jungle_log":9,"minecraft:jungle_planks":1,"minecraft:string":1,"minecraft:dirt":40,"minecraft:rotten_flesh":2,"minecraft:wheat_seeds":2,"minecraft:beef":3,"cobblemon:oran_berry":4,"minecraft:melon_slice":64,"minecraft:cobblestone":25,"minecraft:birch_log":3},"minecraft:dropped":{"cobblemon:white_apricorn":1,"minecraft:jungle_planks":1}},"DataVersion":3465}