{"stats":{"minecraft:picked_up":{"minecraft:crafting_table":1,"minecraft:coarse_dirt":9,"minecraft:chicken":1,"minecraft:ladder":1,"cobblemon:red_apricorn":82,"minecraft:string":6,"minecraft:raw_copper":23,"minecraft:cobbled_deepslate":2,"minecraft:bucket":2,"minecraft:beef":5,"cobblemon:oran_berry":40,"cobblemon:relic_coin":40,"minecraft:melon_slice":64,"minecraft:chest":1,"minecraft:birch_sapling":1,"minecraft:stick":3,"minecraft:raw_iron":22,"minecraft:porkchop":5,"minecraft:redstone":26,"minecraft:rotten_flesh":8,"minecraft:arrow":16,"minecraft:mutton":12,"cobblemon:blue_apricorn":10,"minecraft:white_wool":8,"minecraft:cobblestone":129,"minecraft:birch_log":9,"cobblemon:great_ball":2,"minecraft:jungle_log":9,"minecraft:oak_log":34,"minecraft:gunpowder":4,"minecraft:dirt":181,"minecraft:bone":4,"cobblemon:black_apricorn":16,"minecraft:wheat_seeds":7,"minecraft:iron_ingot":1,"minecraft:moss_block":6,"minecraft:oak_planks":5,"cobblemon:azure_ball":3,"cobblemon:chilan_berry":9,"cobblemon:red_apricorn_seed":11,"minecraft:sweet_berries":3,"minecraft:gravel":24,"minecraft:jungle_planks":1,"minecraft:sand":28,"cobblemon:yellow_apricorn_seed":1,"cobblemon:persim_berry":48,"minecraft:spider_eye":2,"minecraft:diamond":4,"cobblemon:poke_ball":16,"waystones:waystone":2,"minecraft:granite":4,"minecraft:oak_sapling":1,"minecraft:coal":34,"cobblemon:energy_root":1},"minecraft:dropped":{"minecraft:moss_block":6,"minecraft:wheat_seeds":6,"minecraft:granite":4,"minecraft:jungle_planks":2,"cobblemon:white_apricorn":1,"minecraft:string":1,"minecraft:coarse_dirt":3,"minecraft:rotten_flesh":8,"minecraft:gunpowder":4,"minecraft:chest":1,"minecraft:oak_sapling":1,"minecraft:spider_eye":2,"minecraft:arrow":5},"minecraft:killed":{"mca:male_zombie_villager":1,"minecraft:spider":5,"minecraft:skeleton":9,"minecraft:pig":1,"cobblemon:pokemon":2,"minecraft:creeper":2,"minecraft:sheep":8,"minecraft:zombie":14,"minecraft:cow":3},"minecraft:used":{"minecraft:stone_sword":117,"minecraft:stone_shovel":182,"minecraft:ladder":1,"minecraft:chest":2,"minecraft:stone_hoe":26,"lootballs:great_loot_ball":1,"minecraft:oak_door":1,"minecraft:torch":20,"minecraft:dirt":172,"minecraft:glass":21,"cobblemon:energy_root":5,"cobblemon:pc":1,"minecraft:golden_carrot":8,"minecraft:furnace":2,"minecraft:cooked_beef":5,"minecraft:cooked_mutton":1,"minecraft:water_bucket":5,"minecraft:stone_pickaxe":105,"minecraft:oak_planks":68,"minecraft:wooden_pickaxe":7,"minecraft:crafting_table":3,"cobblemon:yellow_apricorn_seed":1,"minecraft:white_bed":1,"minecraft:oak_log":2,"waystones:waystone":2,"minecraft:diamond_pickaxe":104,"cobblemon:oran_berry":10,"minecraft:melon_slice":64,"minecraft:iron_pickaxe":4,"minecraft:stone_axe":130,"minecraft:cobblestone":74,"cobblemon:red_apricorn_seed":9,"minecraft:birch_log":5,"minecraft:bucket":5,"minecraft:coarse_dirt":6,"minecraft:bone_meal":12},"minecraft:crafted":{"minecraft:oak_door":3,"minecraft:smooth_stone":2,"minecraft:oak_planks":128,"minecraft:stone_shovel":2,"minecraft:furnace":2,"minecraft:stone":2,"minecraft:bone_meal":12,"minecraft:cooked_mutton":1,"minecraft:glass_pane":16,"minecraft:glass":28,"minecraft:stone_pickaxe":1,"minecraft:chest":2,"cobblemon:azure_ball":8,"minecraft:stone_hoe":1,"minecraft:cooked_beef":5,"minecraft:crafting_table":2,"minecraft:wooden_pickaxe":1,"cobblemon:pc":1,"minecraft:copper_ingot":21,"minecraft:stone_axe":1,"minecraft:air":0,"minecraft:jungle_planks":36,"cobblemon:poke_ball":48,"minecraft:diamond_pickaxe":1,"minecraft:stick":56,"minecraft:iron_ingot":11,"minecraft:iron_pickaxe":1,"minecraft:stone_sword":1,"minecraft:white_bed":1,"minecraft:torch":20,"cobblemon:great_ball":4},"minecraft:broken":{"minecraft:stone_axe":1,"minecraft:stone_shovel":1},"minecraft:killed_by":{"minecraft:creeper":1,"minecraft:drowned":1,"minecraft:skeleton":4,"minecraft:zombie":3},"minecraft:custom":{"minecraft:mob_kills":47,"minecraft:interact_with_crafting_table":37,"minecraft:leave_game":37,"minecraft:time_since_death":4649,"minecraft:climb_one_cm":5354,"minecraft:sprint_one_cm":266219,"minecraft:walk_one_cm":710386,"minecraft:drop":24,"minecraft:play_time":296555,"minecraft:deaths":10,"minecraft:sneak_time":334,"minecraft:walk_under_water_one_cm":87172,"minecraft:jump":3233,"minecraft:walk_on_water_one_cm":59629,"minecraft:total_world_time":296555,"minecraft:interact_with_furnace":47,"minecraft:sleep_in_bed":1,"minecraft:time_since_rest":4673,"minecraft:waystone_activated":3,"minecraft:damage_taken":4775,"minecraft:damage_dealt":7078,"minecraft:swim_one_cm":47489,"minecraft:fly_one_cm":490719,"minecraft:open_chest":56,"minecraft:crouch_one_cm":149,"minecraft:open_loot_ball":4,"minecraft:fall_one_cm":88164},"minecraft:mined":{"minecraft:farmland":1,"minecraft:deepslate_diamond_ore":4,"minecraft:ladder":1,"minecraft:granite":1,"minecraft:grass_block":51,"minecraft:jungle_log":9,"cobblemon:red_apricorn_sapling":2,"minecraft:moss_block":4,"minecraft:iron_ore":18,"minecraft:vine":1,"minecraft:deepslate_iron_ore":4,"minecraft:dirt_path":2,"minecraft:stone":95,"minecraft:podzol":1,"minecraft:deepslate_redstone_ore":6,"minecraft:crafting_table":1,"cobblemon:apricorn_leaves":7,"minecraft:melon":12,"minecraft:glass":2,"minecraft:copper_ore":8,"minecraft:cobblestone":26,"minecraft:oak_planks":5,"minecraft:coarse_dirt":6,"minecraft:birch_log":5,"minecraft:birch_leaves":30,"cobblemon:persim_berry":2,"minecraft:grass":31,"minecraft:oak_log":33,"minecraft:coal_ore":35,"minecraft:sand":29,"minecraft:dirt":56,"minecraft:oak_leaves":38,"minecraft:deepslate":3,"minecraft:fern":9}},"DataVersion":3465}