{"stats":{"minecraft:custom":{"minecraft:interact_with_furnace":29,"minecraft:mob_kills":24,"minecraft:interact_with_crafting_table":23,"minecraft:leave_game":2,"minecraft:time_since_death":6602,"minecraft:climb_one_cm":4225,"minecraft:time_since_rest":6625,"minecraft:waystone_activated":2,"minecraft:sprint_one_cm":88237,"minecraft:damage_taken":1815,"minecraft:walk_one_cm":302250,"minecraft:drop":20,"minecraft:damage_dealt":3296,"minecraft:swim_one_cm":470,"minecraft:fly_one_cm":293653,"minecraft:open_chest":12,"minecraft:play_time":93102,"minecraft:deaths":2,"minecraft:sneak_time":78,"minecraft:walk_under_water_one_cm":2778,"minecraft:jump":1374,"minecraft:open_loot_ball":1,"minecraft:walk_on_water_one_cm":8234,"minecraft:total_world_time":93102,"minecraft:fall_one_cm":33331},"minecraft:mined":{"minecraft:podzol":1,"minecraft:farmland":1,"minecraft:deepslate_diamond_ore":3,"minecraft:crafting_table":1,"minecraft:ladder":1,"minecraft:granite":1,"minecraft:grass_block":13,"minecraft:melon":12,"minecraft:jungle_log":9,"minecraft:glass":2,"minecraft:copper_ore":2,"minecraft:cobblestone":23,"minecraft:oak_planks":4,"minecraft:moss_block":4,"minecraft:coarse_dirt":6,"minecraft:iron_ore":4,"cobblemon:persim_berry":2,"minecraft:grass":24,"minecraft:deepslate_iron_ore":3,"minecraft:oak_log":33,"minecraft:coal_ore":35,"minecraft:vine":1,"minecraft:sand":27,"minecraft:dirt":39,"minecraft:stone":78,"minecraft:deepslate":1,"minecraft:oak_leaves":29,"minecraft:fern":9},"minecraft:killed":{"mca:male_zombie_villager":1,"cobblemon:pokemon":1,"minecraft:spider":3,"minecraft:creeper":1,"minecraft:skeleton":5,"minecraft:sheep":1,"minecraft:zombie":7,"minecraft:cow":3},"minecraft:killed_by":{"minecraft:skeleton":2},"minecraft:used":{"minecraft:stone_sword":84,"minecraft:stone_shovel":65,"minecraft:stone_pickaxe":105,"minecraft:oak_planks":64,"minecraft:ladder":1,"minecraft:chest":2,"minecraft:wooden_pickaxe":7,"minecraft:stone_hoe":1,"minecraft:oak_door":1,"minecraft:torch":17,"minecraft:dirt":82,"minecraft:crafting_table":3,"waystones:waystone":1,"minecraft:glass":21,"minecraft:diamond_pickaxe":42,"minecraft:melon_slice":26,"minecraft:iron_pickaxe":4,"minecraft:stone_axe":93,"minecraft:golden_carrot":8,"cobblemon:red_apricorn_seed":1,"minecraft:cobblestone":71,"minecraft:furnace":2,"minecraft:cooked_beef":1,"minecraft:coarse_dirt":6},"minecraft:picked_up":{"minecraft:birch_log":3,"minecraft:crafting_table":1,"minecraft:coarse_dirt":9,"minecraft:ladder":1,"minecraft:jungle_log":9,"cobblemon:red_apricorn":10,"minecraft:oak_log":33,"minecraft:gunpowder":4,"minecraft:dirt":90,"minecraft:string":4,"minecraft:raw_copper":6,"cobblemon:black_apricorn":3,"minecraft:wheat_seeds":3,"minecraft:beef":5,"cobblemon:oran_berry":4,"cobblemon:relic_coin":40,"minecraft:melon_slice":64,"minecraft:moss_block":6,"minecraft:chest":1,"minecraft:oak_planks":4,"cobblemon:chilan_berry":9,"cobblemon:red_apricorn_seed":2,"minecraft:stick":2,"minecraft:raw_iron":7,"minecraft:gravel":24,"minecraft:sand":26,"minecraft:jungle_planks":1,"cobblemon:persim_berry":22,"minecraft:spider_eye":2,"minecraft:arrow":10,"minecraft:rotten_flesh":4,"minecraft:diamond":3,"waystones:waystone":1,"minecraft:granite":4,"minecraft:oak_sapling":1,"minecraft:mutton":1,"cobblemon:blue_apricorn":10,"minecraft:coal":34,"minecraft:white_wool":1,"minecraft:cobblestone":105},"minecraft:crafted":{"minecraft:cooked_beef":5,"minecraft:oak_door":3,"minecraft:smooth_stone":2,"minecraft:oak_planks":128,"minecraft:stone_shovel":1,"minecraft:crafting_table":2,"minecraft:wooden_pickaxe":1,"minecraft:furnace":2,"minecraft:stone":2,"minecraft:copper_ingot":6,"minecraft:stone_axe":1,"minecraft:cooked_mutton":1,"minecraft:air":0,"minecraft:jungle_planks":36,"minecraft:glass":26,"cobblemon:poke_ball":8,"minecraft:diamond_pickaxe":1,"minecraft:stick":56,"minecraft:iron_ingot":4,"minecraft:iron_pickaxe":1,"minecraft:stone_pickaxe":1,"minecraft:stone_sword":1,"minecraft:chest":2,"cobblemon:azure_ball":8,"minecraft:torch":20,"minecraft:stone_hoe":1,"cobblemon:great_ball":4},"minecraft:dropped":{"minecraft:moss_block":6,"minecraft:coarse_dirt":3,"minecraft:granite":4,"minecraft:jungle_planks":2,"minecraft:gunpowder":2,"cobblemon:white_apricorn":1,"minecraft:oak_sapling":1,"minecraft:chest":1,"minecraft:spider_eye":2,"minecraft:arrow":5,"minecraft:string":1}},"DataVersion":3465}