{"stats":{"minecraft:killed_by":{"vampirism:advanced_vampire":2,"minecraft:creeper":1,"minecraft:zombie":2,"minecraft:spider":1},"minecraft:dropped":{"minecraft:leather":5,"treasure2:chipped_steel_short_sword":1,"minecraft:dirt":119,"minecraft:iron_pickaxe":1,"minecraft:gravel":13,"minecraft:iron_nugget":14,"minecraft:soul_lantern":3,"minecraft:rotten_flesh":3,"minecraft:azure_bluet":6,"minecraft:poppy":3,"minecraft:arrow":17,"minecraft:egg":2,"minecraft:iron_ingot":6,"minecraft:bread":3,"minecraft:wheat_seeds":2,"locks:steel_lock_mechanism":1,"minecraft:cobblestone":615,"minecraft:granite":43,"minecraft:coal":1,"treasure2:silver_necklace":1,"minecraft:stick":2,"minecraft:diorite":26,"treasure2:charm_book":1,"vampirism:ring":1,"minecraft:spruce_sapling":2,"chococraft:chocobo_feather":1,"minecraft:light_gray_wool":2,"relics:out_runner":1,"scalinghealth:power_crystal_shard":2,"minecraft:stone":1,"minecraft:shield":1,"minecraft:peony":1,"minecraft:andesite":19,"minecraft:oak_boat":1,"minecraft:spider_eye":1,"minecraft:bow":1,"minecraft:stone_pickaxe":1,"minecraft:wooden_pickaxe":1},"minecraft:killed":{"vampirism:vampire":3,"minecraft:cave_spider":3,"minecraft:spider":3,"minecraft:skeleton":15,"minecraft:chicken":1,"vampirism:task_master_vampire":1,"minecraft:pig":42,"minecraft:creeper":1,"minecraft:sheep":26,"minecraft:zombie":17,"minecraft:cow":35,"mca:male_zombie_villager":1,"treasure2:bound_soul":1,"minecraft:husk":3},"minecraft:broken":{"minecraft:iron_boots":1,"minecraft:iron_chestplate":1,"minecraft:iron_leggings":1,"minecraft:stone_axe":1,"minecraft:stone_sword":1,"minecraft:shield":1,"minecraft:iron_axe":1,"minecraft:iron_pickaxe":4,"minecraft:iron_helmet":1},"minecraft:custom":{"minecraft:interact_with_crafting_table":99,"minecraft:leave_game":10,"minecraft:time_since_death":10002,"minecraft:sprint_one_cm":1089371,"minecraft:damage_blocked_by_shield":5648,"minecraft:drop":75,"minecraft:deaths":6,"minecraft:jump":10138,"minecraft:walk_on_water_one_cm":82093,"minecraft:interact_with_furnace":55,"minecraft:play_one_minute":511067,"minecraft:sleep_in_bed":23,"minecraft:waystone_activated":2,"minecraft:damage_dealt":28138,"minecraft:crouch_one_cm":1729,"minecraft:interact_with_smithing_table":1,"minecraft:mob_kills":162,"minecraft:damage_dealt_resisted":220,"minecraft:climb_one_cm":958,"minecraft:walk_one_cm":1491821,"minecraft:sneak_time":1289,"minecraft:walk_under_water_one_cm":10643,"minecraft:boat_one_cm":588,"minecraft:interact_with_stonecutter":6,"minecraft:time_since_rest":10026,"minecraft:damage_taken":10701,"minecraft:swim_one_cm":28399,"minecraft:fly_one_cm":1726482,"minecraft:open_chest":77,"minecraft:fall_one_cm":283772},"minecraft:crafted":{"minecraft:oak_planks":116,"minecraft:stone":120,"minecraft:cobblestone_stairs":4,"minecraft:glass":12,"minecraft:iron_boots":1,"minecraft:chest":2,"scalinghealth:power_crystal":1,"treasure2:thiefs_lock_pick":3,"treasure2:treasure_tool":1,"minecraft:cooked_porkchop":52,"minecraft:crafting_table":4,"minecraft:spruce_planks":376,"minecraft:wooden_pickaxe":1,"minecraft:iron_helmet":1,"minecraft:spruce_door":3,"minecraft:red_wool":21,"minecraft:spruce_trapdoor":6,"minecraft:iron_chestplate":1,"minecraft:shield":1,"minecraft:stick":92,"minecraft:iron_ingot":74,"minecraft:iron_pickaxe":11,"minecraft:stone_sword":1,"minecraft:gold_ingot":5,"minecraft:shears":1,"minecraft:furnace":4,"minecraft:bone_meal":3,"minecraft:glass_pane":16,"locks:wood_lock_pick":8,"minecraft:iron_axe":2,"minecraft:stone_pickaxe":1,"minecraft:dark_oak_planks":12,"minecraft:cooked_beef":64,"minecraft:red_dye":22,"locks:iron_lock_pick":2,"minecraft:iron_sword":1,"scalinghealth:heart_crystal":5,"minecraft:red_carpet":30,"minecraft:stone_axe":1,"minecraft:air":0,"minecraft:oak_boat":1,"minecraft:iron_shovel":1,"minecraft:iron_leggings":1,"minecraft:stonecutter":1,"minecraft:white_bed":1,"minecraft:torch":108},"minecraft:used":{"treasure2:ironbound_chest":1,"minecraft:iron_shovel":113,"minecraft:chest":3,"minecraft:shield":69,"minecraft:iron_sword":280,"minecraft:zombie_spawn_egg":1,"minecraft:mutton":4,"minecraft:glass":6,"minecraft:stone_bricks":94,"minecraft:red_carpet":33,"minecraft:furnace":6,"minecraft:oak_sapling":2,"wrd:dungeon_pedestal":1,"minecraft:diorite":5,"minecraft:spruce_door":8,"minecraft:stone_pickaxe":48,"minecraft:oak_planks":43,"minecraft:wooden_pickaxe":23,"minecraft:oak_leaves":6,"minecraft:white_wool":1,"treasure2:thiefs_lock_pick":1,"wrd:open_chest_stronghold_library":2,"minecraft:shears":12,"waystones:waystone":1,"minecraft:dark_oak_log":2,"minecraft:bread":2,"minecraft:string":1,"minecraft:gravel":1,"locks:wood_lock_pick":3,"wrd:candle_wax_bits":1,"wrd:cracked_time_stone":3,"minecraft:birch_log":1,"minecraft:oak_boat":1,"minecraft:bone_meal":3,"minecraft:stone_sword":154,"vampirism:heart_seeker_enhanced":6,"minecraft:spruce_planks":410,"minecraft:torch":144,"minecraft:dirt":57,"scalinghealth:heart_crystal":6,"locks:iron_lock_pick":1,"minecraft:dark_oak_planks":12,"minecraft:iron_axe":308,"scalinghealth:power_crystal":1,"minecraft:beef":2,"minecraft:cooked_beef":42,"minecraft:iron_ore":2,"minecraft:cobblestone_stairs":2,"treasure2:chipped_steel_short_sword":80,"minecraft:stonecutter":1,"minecraft:gold_ore":1,"minecraft:crafting_table":14,"minecraft:white_bed":10,"minecraft:spruce_log":100,"minecraft:oak_log":5,"minecraft:iron_pickaxe":1804,"minecraft:spruce_trapdoor":9,"minecraft:spruce_sapling":34,"minecraft:stone_axe":131,"minecraft:cobblestone":288,"minecraft:cooked_porkchop":33,"minecraft:glass_pane":16},"minecraft:mined":{"minecraft:spruce_planks":89,"minecraft:white_bed":8,"minecraft:cobblestone_stairs":2,"minecraft:spruce_trapdoor":3,"minecraft:granite":46,"minecraft:grass_block":55,"minecraft:spawner":1,"treasure2:gravestone3_spawner_obsidian":1,"minecraft:iron_ore":208,"chococraft:gysahl_green":4,"treasure2:onyx_ore":1,"minecraft:torch":1,"minecraft:poppy":24,"minecraft:chest":2,"minecraft:glass":6,"minecraft:cobblestone":59,"minecraft:sugar_cane":2,"minecraft:oak_planks":19,"minecraft:wall_torch":6,"wrd:candle_wax_bits":1,"minecraft:grass":75,"minecraft:oak_log":34,"wrd:open_chest_stronghold_library":5,"minecraft:sand":68,"minecraft:dirt":73,"minecraft:oak_leaves":69,"minecraft:diamond_ore":1,"minecraft:red_carpet":5,"scalinghealth:power_crystal_ore":17,"minecraft:dark_oak_log":5,"minecraft:spruce_leaves":239,"minecraft:redstone_ore":14,"minecraft:spruce_sapling":6,"minecraft:furnace":3,"minecraft:andesite":41,"minecraft:peony":1,"minecraft:gold_block":1,"minecraft:rail":1,"minecraft:stone":1150,"scalinghealth:heart_crystal_ore":14,"minecraft:spruce_door":4,"minecraft:crafting_table":10,"minecraft:emerald_ore":8,"minecraft:rose_bush":1,"minecraft:tall_grass":9,"minecraft:lapis_ore":4,"minecraft:diorite":43,"treasure2:topaz_ore":1,"treasure2:ironbound_chest":1,"minecraft:spruce_log":195,"minecraft:birch_leaves":1,"minecraft:coal_ore":140,"vampirism:fire_place":1,"minecraft:gravel":17,"minecraft:cobweb":6,"minecraft:stone_bricks":10,"minecraft:gold_ore":35},"minecraft:picked_up":{"treasure2:charm_book":4,"minecraft:iron_chestplate":6,"minecraft:lead":5,"minecraft:enchanted_book":2,"locks:iron_lock_pick":3,"treasure2:chipped_steel_short_sword":5,"vampirism:holy_water_bottle_normal":1,"relics:camouflage_ring":1,"minecraft:string":6,"minecraft:iron_leggings":5,"vampirism:obi_belt":1,"treasure2:silver_necklace":5,"minecraft:spruce_planks":97,"minecraft:ender_eye":6,"minecraft:iron_pickaxe":6,"minecraft:iron_boots":4,"minecraft:furnace":6,"minecraft:stick":31,"minecraft:torch":57,"minecraft:porkchop":102,"vampirism:holy_water_bottle_enhanced":4,"minecraft:diorite":51,"vampirism:vampire_fang":1,"vampirism:amulet":2,"vampirism:blood_bottle":1,"minecraft:rotten_flesh":20,"treasure2:iron_key":6,"minecraft:blaze_powder":7,"vampirism:heart_seeker_enhanced":2,"minecraft:cobblestone":2017,"minecraft:birch_log":1,"minecraft:cooked_beef":104,"minecraft:andesite":39,"minecraft:flint":8,"minecraft:lapis_lazuli":142,"minecraft:dirt":261,"minecraft:glass":40,"minecraft:bone":19,"minecraft:bow":1,"minecraft:wheat_seeds":11,"minecraft:oak_planks":24,"minecraft:cooked_porkchop":30,"vampirism:ring":5,"minecraft:sand":102,"minecraft:ink_sac":6,"minecraft:dark_oak_log":5,"treasure2:thiefs_lock_pick":4,"minecraft:diamond":11,"minecraft:soul_lantern":4,"waystones:waystone":2,"locks:steel_lock_mechanism":1,"minecraft:granite":46,"minecraft:golden_apple":1,"scalinghealth:cursed_heart":3,"wrd:candle_wax_bits":2,"minecraft:emerald":20,"minecraft:oak_sapling":2,"minecraft:oak_leaves":12,"locks:iron_lock_mechanism":2,"locks:wood_lock_pick":4,"wrd:open_chest_stronghold_library":7,"treasure2:stone_lock":2,"locks:gold_lock_pick":3,"minecraft:crafting_table":10,"minecraft:chicken":1,"minecraft:azure_bluet":6,"relics:out_runner":1,"treasure2:treasure_tool":4,"minecraft:gold_block":1,"minecraft:shield":5,"minecraft:iron_axe":4,"minecraft:iron_shovel":1,"minecraft:beef":77,"locks:wood_lock_mechanism":5,"minecraft:oak_boat":1,"minecraft:iron_nugget":28,"minecraft:poppy":25,"minecraft:light_gray_wool":2,"minecraft:sugar_cane":1,"wrd:cracked_time_stone":2,"minecraft:chest":1,"minecraft:spruce_trapdoor":3,"minecraft:egg":6,"treasure2:onyx":4,"treasure2:peasants_fortune":3,"minecraft:stone":1,"treasure2:pilferers_lock_pick":1,"locks:iron_lock":2,"minecraft:fire_charge":2,"minecraft:redstone":189,"treasure2:wood_lock":2,"minecraft:arrow":64,"minecraft:peony":1,"minecraft:mutton":36,"treasure2:silver_bracelet":4,"minecraft:white_wool":25,"minecraft:leather":88,"minecraft:oak_log":40,"minecraft:gunpowder":2,"minecraft:cobblestone_stairs":6,"scalinghealth:heart_crystal":1,"mca:book_romance":1,"chococraft:chocobo_feather":6,"minecraft:red_carpet":5,"minecraft:apple":6,"minecraft:stone_bricks":35,"minecraft:iron_ingot":83,"minecraft:iron_ore":501,"scalinghealth:power_crystal_shard":28,"vampirism:holy_water_bottle_ultimate":3,"minecraft:iron_sword":2,"scalinghealth:heart_crystal_shard":93,"vampirism:fire_place":2,"minecraft:red_wool":1,"minecraft:gravel":14,"minecraft:spruce_sapling":40,"chococraft:gysahl_green_seeds":4,"minecraft:white_bed":9,"minecraft:spruce_log":194,"minecraft:gold_ore":81,"minecraft:spider_eye":4,"vampirism:hunter_axe_ultimate":1,"minecraft:spruce_door":8,"treasure2:copper_coin":16,"treasure2:ironbound_chest":1,"treasure2:silver_coin":12,"minecraft:iron_helmet":2,"minecraft:coal":254,"minecraft:ender_pearl":8}},"DataVersion":2586}