{"stats":{"minecraft:custom":{"minecraft:mob_kills":9,"minecraft:interact_with_crafting_table":4,"minecraft:leave_game":2,"minecraft:time_since_death":24134,"minecraft:climb_one_cm":4225,"minecraft:time_since_rest":24161,"minecraft:waystone_activated":1,"minecraft:sprint_one_cm":57981,"minecraft:damage_taken":675,"minecraft:walk_one_cm":195379,"minecraft:drop":9,"minecraft:damage_dealt":1216,"minecraft:swim_one_cm":470,"minecraft:fly_one_cm":241821,"minecraft:open_chest":1,"minecraft:play_time":63102,"minecraft:deaths":1,"minecraft:sneak_time":70,"minecraft:walk_under_water_one_cm":1506,"minecraft:jump":797,"minecraft:open_loot_ball":1,"minecraft:walk_on_water_one_cm":6473,"minecraft:total_world_time":63102,"minecraft:fall_one_cm":16829},"minecraft:mined":{"minecraft:podzol":1,"minecraft:crafting_table":1,"minecraft:ladder":1,"minecraft:granite":1,"minecraft:grass_block":10,"minecraft:melon":12,"minecraft:jungle_log":9,"minecraft:moss_block":4,"minecraft:coarse_dirt":6,"minecraft:iron_ore":2,"cobblemon:persim_berry":2,"minecraft:grass":23,"minecraft:oak_log":33,"minecraft:coal_ore":24,"minecraft:vine":1,"minecraft:dirt":38,"minecraft:stone":43,"minecraft:oak_leaves":29,"minecraft:fern":9},"minecraft:killed":{"mca:male_zombie_villager":1,"cobblemon:pokemon":1,"minecraft:spider":1,"minecraft:creeper":1,"minecraft:sheep":1,"minecraft:zombie":1,"minecraft:cow":3},"minecraft:killed_by":{"minecraft:skeleton":1},"minecraft:used":{"minecraft:stone_sword":31,"minecraft:stone_shovel":38,"minecraft:stone_pickaxe":71,"minecraft:oak_planks":17,"minecraft:ladder":1,"minecraft:wooden_pickaxe":7,"minecraft:dirt":56,"minecraft:crafting_table":1,"minecraft:melon_slice":26,"minecraft:stone_axe":89,"minecraft:coarse_dirt":6},"minecraft:crafted":{"minecraft:oak_planks":128,"minecraft:stone_shovel":1,"minecraft:crafting_table":1,"minecraft:wooden_pickaxe":1,"minecraft:stone_axe":1,"minecraft:jungle_planks":36,"minecraft:stick":56,"minecraft:stone_pickaxe":1,"minecraft:stone_sword":1,"minecraft:stone_hoe":1},"minecraft:picked_up":{"minecraft:birch_log":3,"minecraft:crafting_table":1,"minecraft:coarse_dirt":9,"minecraft:ladder":1,"minecraft:jungle_log":9,"minecraft:oak_log":33,"minecraft:dirt":76,"minecraft:string":3,"cobblemon:black_apricorn":3,"minecraft:wheat_seeds":3,"minecraft:beef":5,"cobblemon:oran_berry":4,"cobblemon:relic_coin":40,"minecraft:melon_slice":64,"minecraft:moss_block":6,"cobblemon:chilan_berry":9,"minecraft:stick":2,"minecraft:raw_iron":2,"minecraft:jungle_planks":1,"cobblemon:persim_berry":22,"minecraft:spider_eye":1,"minecraft:rotten_flesh":2,"waystones:waystone":1,"minecraft:granite":1,"minecraft:oak_sapling":1,"minecraft:mutton":1,"cobblemon:blue_apricorn":10,"minecraft:coal":24,"minecraft:white_wool":1,"minecraft:cobblestone":43},"minecraft:dropped":{"minecraft:moss_block":6,"minecraft:coarse_dirt":3,"minecraft:jungle_planks":1,"cobblemon:white_apricorn":1,"minecraft:spider_eye":1}},"DataVersion":3465}