{"stats":{"minecraft:picked_up":{"minecraft:crafting_table":1,"minecraft:coarse_dirt":9,"minecraft:chicken":1,"minecraft:ladder":1,"cobblemon:red_apricorn":83,"minecraft:string":6,"minecraft:raw_copper":23,"minecraft:cobbled_deepslate":2,"cobblemon:green_apricorn":7,"minecraft:bucket":2,"minecraft:beef":5,"cobblemon:oran_berry":114,"cobblemon:relic_coin":40,"minecraft:melon_slice":64,"minecraft:chest":1,"minecraft:birch_sapling":1,"cobblemon:green_apricorn_seed":2,"minecraft:stick":3,"minecraft:raw_iron":22,"cobblemon:pc":1,"minecraft:oak_door":2,"minecraft:porkchop":5,"minecraft:redstone":26,"minecraft:rotten_flesh":12,"minecraft:stone_sword":2,"minecraft:arrow":16,"cobblemon:revive":3,"minecraft:mutton":12,"cobblemon:blue_apricorn":10,"minecraft:white_wool":8,"minecraft:cobblestone":137,"minecraft:birch_log":9,"cobblemon:great_ball":2,"cobblemon:ultra_ball":3,"minecraft:golden_carrot":4,"minecraft:jungle_log":9,"cobblemon:pinap_berry":24,"minecraft:oak_log":36,"minecraft:gunpowder":4,"minecraft:dirt":185,"minecraft:bone":4,"minecraft:wheat_seeds":10,"cobblemon:black_apricorn":17,"cobblemon:potion":2,"minecraft:iron_ingot":1,"minecraft:moss_block":6,"minecraft:iron_sword":3,"minecraft:oak_planks":13,"cobbledex:cobbledex_item":1,"cobblemon:max_potion":2,"cobblemon:chilan_berry":9,"cobblemon:red_apricorn_seed":12,"cobblemon:azure_ball":3,"minecraft:sweet_berries":3,"minecraft:gravel":24,"minecraft:sand":28,"minecraft:jungle_planks":1,"cobblemon:yellow_apricorn_seed":1,"cobblemon:persim_berry":48,"minecraft:spider_eye":2,"cobblemon:healing_machine":6,"minecraft:diamond":4,"cobblemon:poke_ball":27,"waystones:waystone":2,"minecraft:granite":4,"minecraft:golden_apple":3,"cobblemon:medicinal_leek":75,"minecraft:oak_sapling":1,"minecraft:coal":34,"cobblemon:energy_root":1},"minecraft:dropped":{"minecraft:iron_sword":3,"minecraft:moss_block":6,"minecraft:wheat_seeds":9,"minecraft:granite":4,"minecraft:jungle_planks":2,"cobblemon:roseate_ball":1,"minecraft:stick":37,"cobbledex:cobbledex_item":1,"mca:book_romance":1,"cobblemon:white_apricorn":1,"minecraft:string":3,"minecraft:oak_door":4,"minecraft:coarse_dirt":3,"minecraft:stone_sword":3,"minecraft:cobbled_deepslate":2,"minecraft:stone_shovel":1,"minecraft:chicken":1,"minecraft:rotten_flesh":8,"minecraft:gunpowder":4,"minecraft:chest":1,"minecraft:oak_sapling":1,"minecraft:spider_eye":2,"minecraft:arrow":5},"minecraft:killed":{"mca:male_zombie_villager":1,"minecraft:spider":6,"minecraft:skeleton":9,"minecraft:pig":1,"cobblemon:pokemon":2,"minecraft:creeper":2,"minecraft:sheep":8,"minecraft:zombie":17,"minecraft:cow":3},"minecraft:used":{"minecraft:stone_sword":136,"minecraft:stone_shovel":182,"minecraft:ladder":1,"minecraft:chest":2,"minecraft:iron_sword":3,"minecraft:stone_hoe":31,"lootballs:great_loot_ball":1,"minecraft:oak_door":1,"minecraft:torch":20,"minecraft:dirt":172,"minecraft:glass":21,"cobblemon:energy_root":5,"cobblemon:pc":1,"minecraft:golden_carrot":11,"minecraft:furnace":2,"minecraft:cooked_beef":5,"minecraft:cooked_mutton":1,"minecraft:water_bucket":5,"minecraft:oak_planks":68,"minecraft:stone_pickaxe":105,"minecraft:wooden_pickaxe":7,"minecraft:crafting_table":3,"cobblemon:yellow_apricorn_seed":1,"minecraft:white_bed":1,"cobblemon:healing_machine":1,"minecraft:oak_log":2,"waystones:waystone":2,"cobblemon:green_apricorn_seed":2,"minecraft:diamond_pickaxe":116,"cobblemon:oran_berry":16,"minecraft:melon_slice":64,"minecraft:iron_pickaxe":4,"minecraft:stone_axe":130,"minecraft:cobblestone":77,"cobblemon:red_apricorn_seed":9,"cobblemon:medicinal_leek":5,"minecraft:cooked_porkchop":2,"minecraft:bucket":5,"minecraft:birch_log":5,"minecraft:coarse_dirt":6,"minecraft:bone_meal":76},"minecraft:crafted":{"minecraft:oak_door":3,"minecraft:smooth_stone":2,"minecraft:oak_planks":136,"minecraft:stone_shovel":2,"minecraft:furnace":2,"minecraft:stone":2,"minecraft:bone_meal":12,"minecraft:cooked_mutton":1,"minecraft:glass_pane":16,"minecraft:glass":28,"minecraft:stone_pickaxe":1,"minecraft:chest":2,"cobblemon:azure_ball":8,"minecraft:stone_hoe":1,"minecraft:cooked_beef":5,"minecraft:cooked_porkchop":3,"minecraft:crafting_table":2,"minecraft:wooden_pickaxe":1,"cobblemon:pc":1,"minecraft:copper_ingot":21,"minecraft:stone_axe":1,"minecraft:air":0,"minecraft:jungle_planks":36,"cobblemon:poke_ball":48,"minecraft:diamond_pickaxe":1,"minecraft:stick":56,"minecraft:iron_ingot":11,"minecraft:iron_pickaxe":1,"minecraft:stone_sword":1,"minecraft:white_bed":1,"minecraft:torch":20,"cobblemon:great_ball":4},"minecraft:broken":{"minecraft:stone_axe":1,"minecraft:stone_shovel":1},"minecraft:killed_by":{"minecraft:creeper":3,"minecraft:spider":1,"minecraft:drowned":1,"minecraft:skeleton":6,"minecraft:zombie":5},"minecraft:custom":{"minecraft:mob_kills":51,"minecraft:interact_with_crafting_table":37,"minecraft:leave_game":43,"minecraft:time_since_death":4000,"minecraft:climb_one_cm":5732,"minecraft:sprint_one_cm":410642,"minecraft:walk_one_cm":972233,"minecraft:drop":41,"minecraft:play_time":415925,"minecraft:sneak_time":393,"minecraft:deaths":17,"minecraft:walk_under_water_one_cm":101219,"minecraft:jump":4974,"minecraft:walk_on_water_one_cm":90157,"minecraft:total_world_time":415925,"minecraft:interact_with_furnace":53,"minecraft:sleep_in_bed":2,"minecraft:waystone_activated":3,"minecraft:time_since_rest":4098,"minecraft:damage_taken":6834,"minecraft:damage_dealt":7941,"minecraft:swim_one_cm":53800,"minecraft:fly_one_cm":792494,"minecraft:open_chest":62,"minecraft:crouch_one_cm":149,"minecraft:open_loot_ball":12,"minecraft:fall_one_cm":132536},"minecraft:mined":{"cobblemon:healing_machine":6,"minecraft:farmland":1,"minecraft:deepslate_diamond_ore":4,"cobblemon:pc":1,"minecraft:ladder":1,"minecraft:granite":1,"minecraft:grass_block":53,"minecraft:jungle_log":9,"cobblemon:red_apricorn_sapling":2,"minecraft:moss_block":4,"minecraft:iron_ore":18,"cobblemon:medicinal_leek":37,"cobblemon:green_apricorn_sapling":1,"minecraft:deepslate_iron_ore":4,"minecraft:vine":1,"minecraft:dirt_path":2,"minecraft:stone":95,"minecraft:podzol":1,"minecraft:deepslate_redstone_ore":6,"minecraft:crafting_table":1,"cobblemon:apricorn_leaves":7,"minecraft:melon":12,"minecraft:glass":2,"minecraft:tall_grass":3,"minecraft:copper_ore":8,"minecraft:cobblestone":29,"minecraft:oak_planks":5,"minecraft:seagrass":3,"minecraft:coarse_dirt":6,"minecraft:birch_log":5,"minecraft:birch_leaves":30,"cobblemon:persim_berry":2,"minecraft:grass":39,"minecraft:oak_log":33,"minecraft:coal_ore":35,"minecraft:sand":29,"minecraft:dirt":58,"minecraft:oak_leaves":39,"minecraft:deepslate":3,"minecraft:fern":9}},"DataVersion":3465}