{"stats":{"minecraft:custom":{"minecraft:interact_with_furnace":10,"minecraft:mob_kills":11,"minecraft:interact_with_crafting_table":10,"minecraft:leave_game":2,"minecraft:time_since_death":36134,"minecraft:climb_one_cm":4225,"minecraft:time_since_rest":36161,"minecraft:waystone_activated":1,"minecraft:sprint_one_cm":73713,"minecraft:damage_taken":1225,"minecraft:walk_one_cm":236309,"minecraft:drop":15,"minecraft:damage_dealt":1605,"minecraft:swim_one_cm":470,"minecraft:fly_one_cm":263761,"minecraft:open_chest":3,"minecraft:play_time":75102,"minecraft:deaths":1,"minecraft:sneak_time":78,"minecraft:walk_under_water_one_cm":1506,"minecraft:jump":1050,"minecraft:open_loot_ball":1,"minecraft:walk_on_water_one_cm":6473,"minecraft:total_world_time":75102,"minecraft:fall_one_cm":25756},"minecraft:mined":{"minecraft:podzol":1,"minecraft:farmland":1,"minecraft:crafting_table":1,"minecraft:ladder":1,"minecraft:granite":1,"minecraft:grass_block":13,"minecraft:melon":12,"minecraft:jungle_log":9,"minecraft:copper_ore":1,"minecraft:oak_planks":1,"minecraft:moss_block":4,"minecraft:coarse_dirt":6,"minecraft:iron_ore":4,"cobblemon:persim_berry":2,"minecraft:grass":24,"minecraft:oak_log":33,"minecraft:coal_ore":27,"minecraft:vine":1,"minecraft:sand":27,"minecraft:dirt":39,"minecraft:stone":59,"minecraft:oak_leaves":29,"minecraft:fern":9},"minecraft:killed":{"mca:male_zombie_villager":1,"cobblemon:pokemon":1,"minecraft:spider":1,"minecraft:creeper":1,"minecraft:skeleton":2,"minecraft:sheep":1,"minecraft:zombie":1,"minecraft:cow":3},"minecraft:killed_by":{"minecraft:skeleton":1},"minecraft:used":{"minecraft:stone_sword":43,"minecraft:stone_shovel":65,"minecraft:stone_pickaxe":93,"minecraft:oak_planks":22,"minecraft:ladder":1,"minecraft:chest":1,"minecraft:wooden_pickaxe":7,"minecraft:stone_hoe":1,"minecraft:dirt":82,"minecraft:crafting_table":2,"minecraft:melon_slice":26,"minecraft:stone_axe":90,"minecraft:golden_carrot":4,"cobblemon:red_apricorn_seed":1,"minecraft:cobblestone":21,"minecraft:furnace":2,"minecraft:cooked_beef":1,"minecraft:coarse_dirt":6},"minecraft:picked_up":{"minecraft:birch_log":3,"minecraft:crafting_table":1,"minecraft:coarse_dirt":9,"minecraft:ladder":1,"minecraft:jungle_log":9,"cobblemon:red_apricorn":3,"minecraft:oak_log":33,"minecraft:gunpowder":4,"minecraft:dirt":90,"minecraft:string":3,"minecraft:raw_copper":4,"cobblemon:black_apricorn":3,"minecraft:wheat_seeds":3,"minecraft:beef":5,"cobblemon:oran_berry":4,"cobblemon:relic_coin":40,"minecraft:melon_slice":64,"minecraft:moss_block":6,"minecraft:chest":1,"minecraft:oak_planks":1,"cobblemon:chilan_berry":9,"cobblemon:red_apricorn_seed":1,"minecraft:stick":2,"minecraft:raw_iron":4,"minecraft:gravel":24,"minecraft:sand":26,"minecraft:jungle_planks":1,"cobblemon:persim_berry":22,"minecraft:spider_eye":1,"minecraft:rotten_flesh":2,"waystones:waystone":1,"minecraft:granite":4,"minecraft:oak_sapling":1,"minecraft:mutton":1,"cobblemon:blue_apricorn":10,"minecraft:coal":26,"minecraft:white_wool":1,"minecraft:cobblestone":59},"minecraft:crafted":{"minecraft:cooked_beef":5,"minecraft:oak_planks":128,"minecraft:stone_shovel":1,"minecraft:crafting_table":1,"minecraft:wooden_pickaxe":1,"minecraft:furnace":2,"minecraft:stone_axe":1,"minecraft:air":0,"minecraft:jungle_planks":36,"minecraft:stick":56,"minecraft:iron_ingot":3,"minecraft:stone_pickaxe":1,"minecraft:stone_sword":1,"minecraft:chest":1,"minecraft:stone_hoe":1},"minecraft:dropped":{"minecraft:moss_block":6,"minecraft:coarse_dirt":3,"minecraft:granite":3,"minecraft:jungle_planks":2,"minecraft:gunpowder":2,"cobblemon:white_apricorn":1,"minecraft:chest":1,"minecraft:spider_eye":1}},"DataVersion":3465}