{"stats":{"minecraft:killed_by":{"minecraft:creeper":1,"minecraft:spider":1,"minecraft:zombie":1},"minecraft:killed":{"vampirism:vampire":1,"mca:male_zombie_villager":1,"minecraft:spider":2,"minecraft:skeleton":8,"minecraft:chicken":1,"treasure2:bound_soul":1,"minecraft:husk":3,"vampirism:task_master_vampire":1,"minecraft:pig":42,"minecraft:creeper":1,"minecraft:sheep":26,"minecraft:zombie":11,"minecraft:cow":35},"minecraft:dropped":{"minecraft:bread":3,"minecraft:wheat_seeds":2,"minecraft:cobblestone":72,"minecraft:granite":39,"minecraft:coal":1,"treasure2:chipped_steel_short_sword":1,"minecraft:dirt":4,"minecraft:diorite":6,"treasure2:charm_book":1,"minecraft:iron_pickaxe":1,"minecraft:spruce_sapling":2,"minecraft:gravel":7,"minecraft:iron_nugget":14,"chococraft:chocobo_feather":1,"minecraft:soul_lantern":3,"minecraft:rotten_flesh":3,"minecraft:light_gray_wool":2,"minecraft:azure_bluet":3,"relics:out_runner":1,"scalinghealth:power_crystal_shard":2,"minecraft:poppy":3,"minecraft:stone":1,"minecraft:shield":1,"minecraft:peony":1,"minecraft:oak_boat":1,"minecraft:spider_eye":1,"minecraft:wooden_pickaxe":1,"minecraft:stone_pickaxe":1,"minecraft:egg":2},"minecraft:broken":{"minecraft:stone_sword":1,"minecraft:iron_axe":1,"minecraft:stone_axe":1,"minecraft:iron_pickaxe":3},"minecraft:custom":{"minecraft:interact_with_smithing_table":1,"minecraft:mob_kills":141,"minecraft:interact_with_crafting_table":92,"minecraft:leave_game":10,"minecraft:time_since_death":71340,"minecraft:climb_one_cm":958,"minecraft:sprint_one_cm":934605,"minecraft:walk_one_cm":1267813,"minecraft:damage_blocked_by_shield":3521,"minecraft:drop":41,"minecraft:deaths":3,"minecraft:sneak_time":1114,"minecraft:walk_under_water_one_cm":10341,"minecraft:boat_one_cm":588,"minecraft:jump":9509,"minecraft:walk_on_water_one_cm":61642,"minecraft:interact_with_furnace":54,"minecraft:play_one_minute":445067,"minecraft:interact_with_stonecutter":6,"minecraft:sleep_in_bed":23,"minecraft:time_since_rest":32570,"minecraft:waystone_activated":2,"minecraft:damage_taken":7691,"minecraft:damage_dealt":22390,"minecraft:swim_one_cm":28399,"minecraft:fly_one_cm":1665537,"minecraft:crouch_one_cm":1535,"minecraft:open_chest":70,"minecraft:fall_one_cm":270231},"minecraft:crafted":{"minecraft:oak_planks":116,"minecraft:furnace":4,"minecraft:cobblestone_stairs":4,"minecraft:stone":120,"minecraft:bone_meal":3,"minecraft:glass_pane":16,"minecraft:glass":12,"minecraft:iron_boots":1,"locks:wood_lock_pick":8,"minecraft:iron_axe":2,"minecraft:stone_pickaxe":1,"minecraft:chest":2,"minecraft:dark_oak_planks":12,"treasure2:thiefs_lock_pick":3,"minecraft:cooked_beef":64,"minecraft:red_dye":22,"treasure2:treasure_tool":1,"minecraft:cooked_porkchop":52,"minecraft:crafting_table":3,"minecraft:spruce_planks":376,"locks:iron_lock_pick":2,"minecraft:wooden_pickaxe":1,"minecraft:iron_helmet":1,"minecraft:iron_sword":1,"minecraft:spruce_door":3,"minecraft:red_wool":21,"scalinghealth:heart_crystal":5,"minecraft:red_carpet":30,"minecraft:stone_axe":1,"minecraft:air":0,"minecraft:oak_boat":1,"minecraft:spruce_trapdoor":6,"minecraft:iron_chestplate":1,"minecraft:shield":1,"minecraft:stick":76,"minecraft:iron_ingot":49,"minecraft:iron_pickaxe":8,"minecraft:stone_sword":1,"minecraft:iron_shovel":1,"minecraft:iron_leggings":1,"minecraft:gold_ingot":5,"minecraft:stonecutter":1,"minecraft:white_bed":1,"minecraft:torch":68,"minecraft:shears":1},"minecraft:used":{"treasure2:ironbound_chest":1,"minecraft:stone_sword":154,"minecraft:iron_shovel":113,"minecraft:chest":3,"minecraft:spruce_planks":410,"minecraft:shield":54,"minecraft:iron_sword":280,"minecraft:zombie_spawn_egg":1,"minecraft:torch":60,"minecraft:dirt":56,"scalinghealth:heart_crystal":5,"minecraft:mutton":4,"locks:iron_lock_pick":1,"minecraft:glass":6,"minecraft:dark_oak_planks":12,"minecraft:iron_axe":272,"minecraft:stone_bricks":94,"minecraft:red_carpet":33,"minecraft:beef":2,"minecraft:oak_sapling":2,"minecraft:furnace":6,"wrd:dungeon_pedestal":1,"minecraft:cooked_beef":33,"minecraft:cobblestone_stairs":2,"minecraft:spruce_door":8,"minecraft:stone_pickaxe":48,"minecraft:oak_planks":43,"treasure2:chipped_steel_short_sword":54,"minecraft:wooden_pickaxe":23,"minecraft:stonecutter":1,"minecraft:oak_leaves":6,"minecraft:white_wool":1,"minecraft:crafting_table":13,"minecraft:white_bed":10,"treasure2:thiefs_lock_pick":1,"wrd:open_chest_stronghold_library":2,"minecraft:shears":12,"minecraft:spruce_log":100,"minecraft:oak_log":5,"waystones:waystone":1,"minecraft:dark_oak_log":2,"minecraft:bread":2,"minecraft:iron_pickaxe":1403,"minecraft:spruce_trapdoor":9,"minecraft:stone_axe":131,"locks:wood_lock_pick":3,"minecraft:gravel":1,"minecraft:spruce_sapling":34,"wrd:candle_wax_bits":1,"wrd:cracked_time_stone":3,"minecraft:cobblestone":220,"minecraft:cooked_porkchop":33,"minecraft:birch_log":1,"minecraft:glass_pane":16,"minecraft:oak_boat":1,"minecraft:bone_meal":3},"minecraft:mined":{"minecraft:diamond_ore":1,"scalinghealth:power_crystal_ore":4,"minecraft:red_carpet":5,"minecraft:spruce_planks":89,"minecraft:white_bed":8,"minecraft:cobblestone_stairs":2,"minecraft:dark_oak_log":5,"minecraft:spruce_trapdoor":3,"minecraft:granite":26,"minecraft:grass_block":54,"minecraft:spruce_leaves":239,"treasure2:gravestone3_spawner_obsidian":1,"minecraft:redstone_ore":9,"minecraft:spruce_sapling":6,"minecraft:furnace":3,"minecraft:iron_ore":148,"minecraft:andesite":33,"minecraft:peony":1,"minecraft:gold_block":1,"chococraft:gysahl_green":4,"minecraft:stone":925,"scalinghealth:heart_crystal_ore":7,"minecraft:spruce_door":4,"minecraft:crafting_table":10,"minecraft:torch":1,"minecraft:emerald_ore":1,"minecraft:poppy":24,"minecraft:chest":2,"minecraft:rose_bush":1,"minecraft:glass":6,"minecraft:tall_grass":9,"minecraft:cobblestone":59,"minecraft:lapis_ore":4,"minecraft:oak_planks":19,"minecraft:sugar_cane":2,"minecraft:diorite":31,"minecraft:wall_torch":6,"wrd:candle_wax_bits":1,"treasure2:ironbound_chest":1,"minecraft:spruce_log":195,"minecraft:birch_leaves":1,"minecraft:grass":75,"wrd:open_chest_stronghold_library":5,"minecraft:coal_ore":134,"minecraft:oak_log":34,"vampirism:fire_place":1,"minecraft:gravel":11,"minecraft:dirt":70,"minecraft:sand":68,"minecraft:stone_bricks":10,"minecraft:gold_ore":8,"minecraft:oak_leaves":69},"minecraft:picked_up":{"locks:wood_lock_pick":4,"wrd:open_chest_stronghold_library":7,"treasure2:stone_lock":2,"minecraft:iron_chestplate":3,"minecraft:crafting_table":10,"minecraft:azure_bluet":3,"relics:out_runner":1,"minecraft:chicken":1,"minecraft:lead":5,"treasure2:treasure_tool":1,"minecraft:gold_block":1,"treasure2:chipped_steel_short_sword":2,"minecraft:shield":3,"minecraft:string":5,"minecraft:iron_axe":1,"minecraft:iron_leggings":3,"minecraft:iron_shovel":1,"treasure2:silver_necklace":1,"minecraft:spruce_planks":87,"minecraft:beef":77,"minecraft:oak_boat":1,"minecraft:ender_eye":6,"minecraft:iron_nugget":28,"minecraft:poppy":25,"minecraft:iron_pickaxe":3,"minecraft:light_gray_wool":2,"wrd:cracked_time_stone":2,"minecraft:sugar_cane":1,"minecraft:chest":1,"minecraft:spruce_trapdoor":3,"minecraft:furnace":5,"minecraft:iron_boots":3,"minecraft:egg":6,"minecraft:stick":29,"minecraft:stone":1,"treasure2:pilferers_lock_pick":1,"minecraft:torch":26,"locks:iron_lock":2,"minecraft:fire_charge":2,"minecraft:porkchop":102,"minecraft:diorite":21,"minecraft:redstone":42,"treasure2:wood_lock":2,"minecraft:arrow":28,"minecraft:rotten_flesh":20,"minecraft:peony":1,"minecraft:mutton":36,"treasure2:silver_bracelet":1,"minecraft:white_wool":25,"minecraft:blaze_powder":7,"minecraft:cobblestone":1442,"minecraft:birch_log":1,"minecraft:cooked_beef":25,"minecraft:andesite":20,"minecraft:leather":78,"minecraft:flint":5,"minecraft:oak_log":40,"minecraft:gunpowder":2,"minecraft:cobblestone_stairs":6,"mca:book_romance":1,"minecraft:lapis_lazuli":32,"minecraft:dirt":195,"chococraft:chocobo_feather":5,"minecraft:red_carpet":5,"minecraft:glass":40,"minecraft:bone":10,"minecraft:apple":6,"minecraft:stone_bricks":35,"minecraft:wheat_seeds":11,"minecraft:iron_ingot":34,"minecraft:iron_ore":155,"scalinghealth:power_crystal_shard":6,"minecraft:iron_sword":2,"minecraft:oak_planks":24,"scalinghealth:heart_crystal_shard":63,"minecraft:cooked_porkchop":30,"vampirism:fire_place":2,"minecraft:red_wool":1,"minecraft:gravel":8,"minecraft:sand":102,"chococraft:gysahl_green_seeds":4,"minecraft:spruce_sapling":40,"minecraft:ink_sac":6,"minecraft:white_bed":9,"minecraft:spruce_log":194,"minecraft:gold_ore":8,"minecraft:spruce_door":8,"minecraft:dark_oak_log":5,"minecraft:spider_eye":3,"treasure2:copper_coin":2,"treasure2:thiefs_lock_pick":4,"treasure2:ironbound_chest":1,"minecraft:diamond":1,"minecraft:soul_lantern":4,"waystones:waystone":2,"minecraft:iron_helmet":2,"minecraft:granite":39,"minecraft:emerald":1,"wrd:candle_wax_bits":2,"scalinghealth:cursed_heart":3,"minecraft:oak_sapling":2,"minecraft:coal":170,"minecraft:oak_leaves":12,"treasure2:charm_book":1,"minecraft:ender_pearl":7}},"DataVersion":2586}