{"stats":{"minecraft:used":{"treasure2:ironbound_chest":3,"treasure2:wood_chest":4,"minecraft:iron_shovel":113,"minecraft:chest":5,"minecraft:iron_sword":589,"minecraft:shield":70,"minecraft:zombie_spawn_egg":1,"vampirism:blood_container":3,"minecraft:mutton":5,"minecraft:glass":6,"minecraft:stone_bricks":112,"minecraft:red_carpet":45,"treasure2:gold_skull_chest":2,"minecraft:oak_sapling":2,"minecraft:furnace":6,"wrd:dungeon_pedestal":1,"minecraft:egg":2,"minecraft:diorite":5,"minecraft:spruce_door":8,"minecraft:stone_pickaxe":293,"minecraft:oak_planks":43,"minecraft:wooden_pickaxe":34,"minecraft:sandstone":9,"vampirism:human_heart":11,"minecraft:oak_leaves":6,"minecraft:white_wool":1,"minecraft:sand":6,"treasure2:thiefs_lock_pick":4,"scalinghealth:cursed_heart":2,"wrd:open_chest_stronghold_library":2,"minecraft:shears":12,"waystones:waystone":3,"treasure2:iron_key":1,"minecraft:dark_oak_log":2,"minecraft:bread":2,"minecraft:string":1,"locks:wood_lock_pick":3,"minecraft:gravel":1,"wrd:candle_wax_bits":1,"wrd:cracked_time_stone":3,"minecraft:birch_log":1,"minecraft:oak_boat":1,"minecraft:bone_meal":3,"minecraft:stone_sword":154,"vampirism:heart_seeker_enhanced":118,"minecraft:spruce_planks":410,"minecraft:torch":144,"minecraft:dirt":91,"scalinghealth:heart_crystal":12,"locks:iron_lock_pick":4,"minecraft:dark_oak_planks":12,"minecraft:iron_axe":308,"treasure2:leaf_key":2,"scalinghealth:power_crystal":1,"minecraft:beef":2,"minecraft:cooked_beef":51,"minecraft:orange_terracotta":1,"vampirism:altar_inspiration":1,"minecraft:iron_ore":4,"minecraft:cobblestone_stairs":2,"treasure2:chipped_steel_short_sword":103,"minecraft:cut_sandstone":1,"scalinghealth:chance_heart":1,"minecraft:stonecutter":1,"minecraft:gold_ore":1,"treasure2:skull_chest":3,"treasure2:crate_chest_moldy":1,"treasure2:cardboard_box":1,"minecraft:crafting_table":18,"minecraft:white_bed":10,"bosses_of_mass_destruction:soul_star":2,"minecraft:spruce_log":100,"minecraft:oak_log":5,"minecraft:iron_pickaxe":1916,"minecraft:spruce_trapdoor":9,"minecraft:spruce_sapling":36,"minecraft:stone_axe":145,"minecraft:potion":1,"minecraft:cobblestone":403,"minecraft:cooked_porkchop":33,"minecraft:glass_pane":16},"minecraft:picked_up":{"treasure2:charm_book":4,"minecraft:iron_chestplate":8,"minecraft:wheat":2,"treasure2:iron_lock":4,"minecraft:lead":5,"minecraft:potion":8,"minecraft:enchanted_book":5,"locks:iron_lock_pick":3,"treasure2:chipped_steel_short_sword":5,"minecraft:golden_sword":1,"vampirism:holy_water_bottle_normal":1,"relics:camouflage_ring":7,"minecraft:string":22,"minecraft:iron_leggings":7,"minecraft:experience_bottle":1,"vampirism:obi_belt":2,"treasure2:silver_necklace":11,"treasure2:stone_key":5,"bosses_of_mass_destruction:soul_star":2,"minecraft:spruce_planks":104,"treasure2:chipped_iron_short_sword":1,"treasure2:iron_falchion":1,"minecraft:ender_eye":6,"minecraft:iron_pickaxe":8,"minecraft:iron_boots":6,"minecraft:furnace":9,"minecraft:golden_helmet":1,"minecraft:stick":42,"minecraft:torch":59,"treasure2:emerald_charm":1,"minecraft:porkchop":142,"vampirism:holy_water_bottle_enhanced":5,"vampirism:vampire_fang":2,"minecraft:diorite":69,"treasure2:emerald_lock":1,"vampirism:amulet":4,"treasure2:copper_broad_axe":1,"vampirism:blood_bottle":6,"minecraft:rotten_flesh":113,"minecraft:iron_block":2,"treasure2:iron_key":6,"minecraft:blaze_powder":7,"vampirism:heart_seeker_enhanced":6,"minecraft:cobblestone":2423,"minecraft:birch_log":1,"minecraft:cooked_beef":113,"minecraft:andesite":53,"minecraft:flint":8,"treasure2:ring_of_fortitude":2,"minecraft:lapis_lazuli":142,"minecraft:dirt":447,"treasure2:crystal_skull_chest":1,"minecraft:glass":42,"minecraft:bone":52,"minecraft:bow":1,"minecraft:wheat_seeds":41,"vampirism:altar_pillar":5,"vampirism:item_garlic":3,"minecraft:glowstone_dust":3,"minecraft:oak_planks":24,"treasure2:spider_chest":1,"minecraft:cooked_porkchop":30,"vampirism:ring":5,"minecraft:oak_pressure_plate":4,"treasure2:wood_key":6,"minecraft:sand":127,"minecraft:ink_sac":6,"minecraft:grass_block":2,"minecraft:dark_oak_log":5,"treasure2:thiefs_lock_pick":12,"minecraft:polished_andesite":4,"minecraft:diamond":13,"minecraft:soul_lantern":4,"waystones:waystone":6,"locks:steel_lock_mechanism":1,"minecraft:granite":46,"treasure2:crate_chest_moldy":1,"minecraft:crossbow":1,"treasure2:cardboard_box":3,"minecraft:golden_apple":1,"minecraft:emerald":22,"wrd:candle_wax_bits":2,"scalinghealth:cursed_heart":8,"minecraft:bread":8,"minecraft:oak_sapling":2,"minecraft:oak_leaves":12,"locks:iron_lock_mechanism":2,"locks:wood_lock_pick":4,"wrd:open_chest_stronghold_library":7,"treasure2:gold_key":1,"minecraft:crafting_table":11,"treasure2:stone_lock":3,"locks:gold_lock_pick":3,"minecraft:azure_bluet":7,"treasure2:leaf_lock":7,"relics:out_runner":1,"minecraft:chicken":1,"minecraft:brown_mushroom":9,"minecraft:wooden_pickaxe":1,"treasure2:treasure_tool":4,"minecraft:gold_block":1,"minecraft:shield":8,"minecraft:iron_axe":4,"minecraft:iron_shovel":1,"treasure2:gold_skull_chest":4,"minecraft:beef":102,"locks:wood_lock_mechanism":5,"scalinghealth:chance_heart":1,"minecraft:oak_boat":2,"minecraft:iron_nugget":28,"minecraft:poppy":35,"minecraft:light_gray_wool":2,"wrd:cracked_time_stone":2,"minecraft:sugar_cane":16,"minecraft:chest":1,"minecraft:spruce_trapdoor":3,"treasure2:onyx":7,"minecraft:egg":17,"treasure2:peasants_fortune":3,"minecraft:sandstone":20,"minecraft:stone":1,"treasure2:pilferers_lock_pick":1,"locks:iron_lock":2,"aquaculture:perch":2,"minecraft:fire_charge":2,"treasure2:diamond_charm":2,"treasure2:spider_lock":1,"minecraft:carrot":9,"minecraft:redstone":189,"treasure2:wood_chest":6,"minecraft:stone_pressure_plate":2,"minecraft:iron_horse_armor":1,"treasure2:wood_lock":8,"minecraft:arrow":96,"minecraft:stone_shovel":1,"vampirism:altar_inspiration":1,"minecraft:peony":1,"minecraft:hay_block":14,"treasure2:gold_charm":1,"minecraft:mutton":89,"treasure2:silver_bracelet":10,"minecraft:white_wool":46,"vampirism:vampire_blood_bottle":1,"minecraft:cut_sandstone":1,"minecraft:leather":244,"minecraft:filled_map":4,"minecraft:oak_log":135,"minecraft:chainmail_chestplate":5,"vampirism:armor_of_swiftness_legs_ultimate":1,"minecraft:gunpowder":2,"minecraft:cobblestone_stairs":6,"scalinghealth:heart_crystal":6,"mca:book_romance":2,"minecraft:paper":2,"minecraft:orange_terracotta":1,"chococraft:chocobo_feather":7,"minecraft:red_carpet":29,"vampirism:human_heart":13,"chococraft:gysahl_green":16,"minecraft:apple":6,"minecraft:stone_bricks":47,"minecraft:rabbit_hide":2,"minecraft:iron_ingot":230,"minecraft:stone_pickaxe":7,"minecraft:iron_ore":567,"scalinghealth:power_crystal_shard":28,"aquaculture:minnow":3,"minecraft:glass_bottle":13,"treasure2:skull_chest":4,"vampirism:holy_water_bottle_ultimate":8,"minecraft:iron_sword":10,"minecraft:book":48,"vampirism:pure_salt":3,"treasure2:topaz_key":1,"aquaculture:smallmouth_bass":9,"scalinghealth:heart_crystal_shard":95,"treasure2:silver_ring":3,"vampirism:fire_place":2,"minecraft:red_wool":1,"minecraft:dandelion":2,"minecraft:gravel":15,"chococraft:gysahl_green_seeds":13,"minecraft:spruce_sapling":42,"treasure2:leaf_key":2,"minecraft:white_bed":9,"minecraft:spruce_log":201,"minecraft:gold_ore":84,"vampirism:hunter_axe_ultimate":1,"minecraft:spruce_door":8,"minecraft:spider_eye":14,"minecraft:leather_helmet":1,"treasure2:copper_coin":23,"treasure2:diamond_key":1,"treasure2:ironbound_chest":3,"treasure2:silver_coin":18,"minecraft:stone_axe":5,"minecraft:iron_helmet":5,"treasure2:emerald_key":1,"minecraft:black_wool":3,"minecraft:coal":302,"minecraft:ender_pearl":14},"minecraft:mined":{"treasure2:crate_chest_moldy":1,"minecraft:spruce_planks":92,"minecraft:stone_pressure_plate":1,"minecraft:white_bed":8,"minecraft:cobblestone_stairs":2,"minecraft:spruce_trapdoor":3,"minecraft:granite":49,"minecraft:grass_block":91,"minecraft:spawner":1,"treasure2:gravestone3_spawner_obsidian":1,"minecraft:glowstone":1,"minecraft:iron_ore":213,"chococraft:gysahl_green":4,"treasure2:onyx_ore":1,"treasure2:skull_chest":3,"minecraft:cut_sandstone":1,"minecraft:orange_terracotta":1,"minecraft:torch":1,"minecraft:poppy":24,"minecraft:chest":2,"minecraft:glass":6,"minecraft:cobblestone":82,"minecraft:oak_planks":19,"minecraft:sugar_cane":12,"minecraft:wall_torch":7,"wrd:candle_wax_bits":1,"minecraft:smooth_stone_slab":2,"minecraft:grass":99,"minecraft:oak_log":46,"wrd:open_chest_stronghold_library":5,"minecraft:dirt":101,"minecraft:sand":84,"treasure2:gold_skull_chest":3,"minecraft:oak_leaves":75,"scalinghealth:power_crystal_ore":17,"minecraft:diamond_ore":1,"minecraft:red_carpet":21,"minecraft:dark_oak_log":5,"treasure2:wood_chest":4,"minecraft:spruce_leaves":254,"minecraft:sandstone":20,"minecraft:hay_block":1,"minecraft:redstone_ore":14,"minecraft:spruce_sapling":7,"minecraft:furnace":3,"treasure2:spider_chest":1,"minecraft:andesite":54,"minecraft:peony":1,"minecraft:gold_block":1,"minecraft:bookshelf":8,"minecraft:vine":2,"minecraft:rail":1,"minecraft:stone":1348,"scalinghealth:heart_crystal_ore":14,"treasure2:gravestone2_polished_diorite":1,"vampirism:cursed_earth":1,"minecraft:spruce_door":4,"minecraft:crafting_table":10,"minecraft:emerald_ore":10,"minecraft:rose_bush":1,"minecraft:tall_grass":15,"minecraft:lapis_ore":4,"minecraft:diorite":67,"treasure2:cardboard_box":2,"treasure2:topaz_ore":1,"treasure2:ironbound_chest":3,"minecraft:spruce_log":202,"minecraft:birch_leaves":2,"minecraft:grass_path":1,"minecraft:coal_ore":151,"vampirism:fire_place":1,"minecraft:gravel":20,"minecraft:cobweb":6,"minecraft:stone_bricks":15,"minecraft:polished_andesite":2,"minecraft:gold_ore":38},"minecraft:crafted":{"minecraft:oak_planks":292,"minecraft:stone":120,"minecraft:cobblestone_stairs":4,"minecraft:cooked_mutton":6,"minecraft:glass":12,"minecraft:iron_boots":2,"vampirism:altar_inspiration":1,"minecraft:chest":4,"scalinghealth:power_crystal":1,"treasure2:thiefs_lock_pick":3,"minecraft:glass_bottle":3,"treasure2:treasure_tool":1,"minecraft:cooked_porkchop":52,"minecraft:crafting_table":8,"minecraft:spruce_planks":404,"minecraft:wooden_pickaxe":2,"minecraft:iron_helmet":2,"minecraft:spruce_door":3,"minecraft:red_wool":21,"minecraft:spruce_trapdoor":6,"minecraft:iron_chestplate":2,"minecraft:shield":1,"minecraft:stick":108,"minecraft:iron_ingot":138,"minecraft:iron_pickaxe":11,"minecraft:stone_sword":1,"minecraft:gold_ingot":5,"minecraft:shears":1,"minecraft:spruce_button":3,"minecraft:furnace":4,"minecraft:bone_meal":3,"minecraft:glass_pane":16,"locks:wood_lock_pick":8,"minecraft:iron_axe":2,"minecraft:stone_pickaxe":2,"minecraft:dark_oak_planks":12,"minecraft:cooked_beef":64,"minecraft:red_dye":22,"locks:iron_lock_pick":2,"minecraft:iron_sword":2,"scalinghealth:heart_crystal":6,"minecraft:red_carpet":30,"minecraft:stone_axe":2,"minecraft:air":0,"minecraft:oak_boat":1,"vampirism:altar_pillar":1,"minecraft:iron_shovel":1,"minecraft:iron_leggings":2,"minecraft:stonecutter":1,"minecraft:white_bed":1,"vampirism:blood_container":4,"minecraft:torch":108},"minecraft:killed_by":{"vampirism:hunter_trainer":1,"vampirism:advanced_vampire":2,"minecraft:creeper":1,"minecraft:zombie":3,"minecraft:spider":1,"minecraft:enderman":1,"minecraft:iron_golem":1,"treasure2:bound_soul":1},"minecraft:killed":{"vampirism:vampire":4,"minecraft:cave_spider":3,"minecraft:witch":2,"minecraft:spider":10,"aquaculture:smallmouth_bass":1,"minecraft:skeleton":18,"wrd:bait_snapper":1,"minecraft:chicken":1,"vampirism:task_master_vampire":1,"minecraft:pig":42,"minecraft:iron_golem":1,"minecraft:creeper":1,"vampirism:hunter":26,"minecraft:sheep":28,"minecraft:zombie":35,"minecraft:cow":35,"mca:female_zombie_villager":2,"mca:male_zombie_villager":2,"treasure2:bound_soul":9,"minecraft:husk":3,"minecraft:rabbit":2},"minecraft:custom":{"minecraft:interact_with_crafting_table":137,"minecraft:leave_game":25,"minecraft:time_since_death":35980,"minecraft:damage_resisted":1070,"minecraft:sprint_one_cm":2173295,"minecraft:damage_blocked_by_shield":5827,"minecraft:drop":209,"minecraft:deaths":12,"minecraft:jump":16592,"minecraft:walk_on_water_one_cm":124819,"minecraft:interact_with_furnace":69,"minecraft:play_one_minute":956101,"minecraft:sleep_in_bed":29,"minecraft:waystone_activated":10,"minecraft:damage_dealt":63829,"minecraft:player_kills":1,"minecraft:crouch_one_cm":7074,"minecraft:interact_with_smithing_table":1,"minecraft:mob_kills":274,"minecraft:damage_dealt_resisted":1443,"minecraft:climb_one_cm":5657,"minecraft:walk_one_cm":2181076,"minecraft:sneak_time":8584,"minecraft:walk_under_water_one_cm":25263,"minecraft:boat_one_cm":588,"vampirism:win_village_capture":1,"minecraft:interact_with_stonecutter":11,"minecraft:time_since_rest":36017,"minecraft:damage_absorbed":52,"minecraft:damage_taken":428248,"minecraft:swim_one_cm":65188,"minecraft:fly_one_cm":4851370,"minecraft:open_chest":203,"vampirism:defend_village":1,"minecraft:fall_one_cm":499917},"minecraft:dropped":{"treasure2:gold_skull_chest":1,"minecraft:iron_sword":2,"minecraft:brown_mushroom":3,"minecraft:porkchop":3,"minecraft:cooked_beef":22,"vampirism:armor_of_swiftness_legs_ultimate":1,"minecraft:oak_log":16,"minecraft:glass_bottle":2,"minecraft:ender_pearl":1,"treasure2:wood_chest":1,"minecraft:crafting_table":1,"aquaculture:smallmouth_bass":4,"minecraft:cooked_porkchop":1,"minecraft:crossbow":1,"minecraft:leather":9,"aquaculture:minnow":3,"treasure2:chipped_steel_short_sword":1,"minecraft:dirt":184,"vampirism:altar_pillar":3,"minecraft:mutton":1,"treasure2:gold_charm":1,"minecraft:sand":4,"minecraft:iron_pickaxe":2,"minecraft:white_wool":6,"minecraft:bone":3,"minecraft:gravel":14,"minecraft:stone_axe":1,"minecraft:iron_nugget":14,"aquaculture:perch":1,"minecraft:soul_lantern":3,"treasure2:gold_coin":4,"vampirism:holy_water_bottle_enhanced":1,"minecraft:rotten_flesh":18,"minecraft:oak_planks":3,"minecraft:cooked_mutton":6,"minecraft:azure_bluet":6,"minecraft:carrot":9,"treasure2:silver_coin":19,"minecraft:poppy":5,"vampirism:vampire_blood_bottle":1,"vampirism:vampire_fang":1,"treasure2:copper_coin":5,"minecraft:arrow":17,"minecraft:beef":13,"minecraft:egg":6,"vampirism:item_garlic":3,"minecraft:iron_ingot":54,"minecraft:bread":3,"minecraft:wheat_seeds":19,"minecraft:golden_helmet":1,"vampirism:pure_salt":3,"locks:steel_lock_mechanism":1,"minecraft:cobblestone":684,"chococraft:gysahl_green_seeds":9,"minecraft:granite":43,"treasure2:crystal_skull_chest":1,"treasure2:silver_necklace":1,"minecraft:coal":27,"minecraft:stick":4,"mca:book_romance":1,"minecraft:diorite":26,"treasure2:charm_book":1,"treasure2:ring_of_fortitude":2,"minecraft:potion":1,"vampirism:ring":1,"minecraft:spruce_sapling":2,"minecraft:furnace":2,"chococraft:chocobo_feather":1,"vampirism:holy_water_bottle_ultimate":3,"minecraft:stone_shovel":1,"minecraft:light_gray_wool":2,"minecraft:ender_eye":1,"relics:out_runner":1,"scalinghealth:power_crystal_shard":2,"minecraft:filled_map":1,"minecraft:hay_block":14,"minecraft:stone":1,"minecraft:shield":2,"minecraft:peony":1,"minecraft:andesite":19,"minecraft:oak_boat":2,"minecraft:golden_sword":1,"minecraft:stone_pressure_plate":1,"minecraft:spider_eye":3,"treasure2:onyx":2,"minecraft:bow":1,"minecraft:stone_pickaxe":3,"minecraft:wooden_pickaxe":2,"chococraft:gysahl_green":16},"minecraft:broken":{"minecraft:iron_boots":2,"minecraft:iron_chestplate":2,"minecraft:iron_leggings":2,"minecraft:stone_pickaxe":1,"minecraft:stone_axe":1,"minecraft:iron_sword":1,"minecraft:stone_sword":1,"minecraft:shield":2,"minecraft:iron_axe":1,"minecraft:iron_pickaxe":4,"minecraft:iron_helmet":2}},"DataVersion":2586}