{"stats":{"minecraft:killed":{"mca:male_zombie_villager":1,"minecraft:spider":5,"minecraft:skeleton":9,"minecraft:pig":1,"cobblemon:pokemon":1,"minecraft:creeper":2,"minecraft:sheep":8,"minecraft:zombie":14,"minecraft:cow":3},"minecraft:used":{"minecraft:stone_sword":117,"minecraft:stone_shovel":179,"minecraft:ladder":1,"minecraft:chest":2,"minecraft:stone_hoe":1,"lootballs:great_loot_ball":1,"minecraft:oak_door":1,"minecraft:torch":20,"minecraft:dirt":149,"minecraft:glass":21,"cobblemon:pc":1,"minecraft:golden_carrot":8,"minecraft:furnace":2,"minecraft:cooked_beef":5,"minecraft:cooked_mutton":1,"minecraft:stone_pickaxe":105,"minecraft:oak_planks":68,"minecraft:wooden_pickaxe":7,"minecraft:crafting_table":3,"minecraft:white_bed":1,"minecraft:oak_log":2,"waystones:waystone":2,"minecraft:diamond_pickaxe":77,"minecraft:melon_slice":45,"minecraft:iron_pickaxe":4,"minecraft:stone_axe":130,"cobblemon:red_apricorn_seed":9,"minecraft:cobblestone":74,"minecraft:coarse_dirt":6,"minecraft:bone_meal":12},"minecraft:picked_up":{"minecraft:crafting_table":1,"minecraft:coarse_dirt":9,"minecraft:chicken":1,"minecraft:ladder":1,"cobblemon:red_apricorn":57,"minecraft:string":6,"minecraft:raw_copper":6,"minecraft:cobbled_deepslate":2,"minecraft:beef":5,"cobblemon:oran_berry":32,"cobblemon:relic_coin":40,"minecraft:melon_slice":64,"minecraft:chest":1,"minecraft:birch_sapling":1,"minecraft:stick":3,"minecraft:raw_iron":12,"minecraft:porkchop":5,"minecraft:redstone":26,"minecraft:rotten_flesh":8,"minecraft:arrow":16,"minecraft:mutton":12,"cobblemon:blue_apricorn":10,"minecraft:white_wool":8,"minecraft:cobblestone":124,"minecraft:birch_log":8,"cobblemon:great_ball":1,"minecraft:jungle_log":9,"minecraft:oak_log":34,"minecraft:gunpowder":4,"minecraft:dirt":158,"minecraft:bone":4,"cobblemon:black_apricorn":16,"minecraft:wheat_seeds":3,"minecraft:iron_ingot":1,"minecraft:moss_block":6,"minecraft:oak_planks":5,"cobblemon:azure_ball":3,"cobblemon:chilan_berry":9,"cobblemon:red_apricorn_seed":9,"minecraft:gravel":24,"minecraft:jungle_planks":1,"minecraft:sand":28,"cobblemon:persim_berry":36,"minecraft:spider_eye":2,"minecraft:diamond":4,"cobblemon:poke_ball":3,"waystones:waystone":2,"minecraft:granite":4,"minecraft:oak_sapling":1,"minecraft:coal":34},"minecraft:custom":{"minecraft:mob_kills":46,"minecraft:interact_with_crafting_table":31,"minecraft:leave_game":6,"minecraft:time_since_death":0,"minecraft:climb_one_cm":4225,"minecraft:sprint_one_cm":170413,"minecraft:walk_one_cm":551985,"minecraft:drop":22,"minecraft:play_time":190036,"minecraft:deaths":5,"minecraft:sneak_time":132,"minecraft:walk_under_water_one_cm":2905,"minecraft:jump":2289,"minecraft:walk_on_water_one_cm":14336,"minecraft:total_world_time":190036,"minecraft:interact_with_furnace":39,"minecraft:sleep_in_bed":1,"minecraft:time_since_rest":372,"minecraft:waystone_activated":3,"minecraft:damage_taken":3200,"minecraft:damage_dealt":6631,"minecraft:swim_one_cm":470,"minecraft:fly_one_cm":381248,"minecraft:open_chest":24,"minecraft:open_loot_ball":2,"minecraft:fall_one_cm":59076},"minecraft:mined":{"minecraft:farmland":1,"minecraft:deepslate_diamond_ore":4,"minecraft:ladder":1,"minecraft:granite":1,"minecraft:grass_block":42,"minecraft:jungle_log":9,"cobblemon:red_apricorn_sapling":2,"minecraft:moss_block":4,"minecraft:iron_ore":8,"minecraft:dirt_path":1,"minecraft:deepslate_iron_ore":4,"minecraft:vine":1,"minecraft:stone":94,"minecraft:podzol":1,"minecraft:deepslate_redstone_ore":6,"minecraft:crafting_table":1,"cobblemon:apricorn_leaves":6,"minecraft:melon":12,"minecraft:glass":2,"minecraft:copper_ore":2,"minecraft:cobblestone":26,"minecraft:oak_planks":5,"minecraft:coarse_dirt":6,"minecraft:birch_log":5,"minecraft:birch_leaves":30,"cobblemon:persim_berry":2,"minecraft:grass":29,"minecraft:oak_log":33,"minecraft:coal_ore":35,"minecraft:sand":29,"minecraft:dirt":54,"minecraft:oak_leaves":38,"minecraft:deepslate":3,"minecraft:fern":9},"minecraft:broken":{"minecraft:stone_axe":1,"minecraft:stone_shovel":1},"minecraft:killed_by":{"minecraft:skeleton":3,"minecraft:zombie":2},"minecraft:dropped":{"minecraft:moss_block":6,"minecraft:granite":4,"minecraft:jungle_planks":2,"cobblemon:white_apricorn":1,"minecraft:string":1,"minecraft:coarse_dirt":3,"minecraft:rotten_flesh":6,"minecraft:gunpowder":4,"minecraft:chest":1,"minecraft:oak_sapling":1,"minecraft:spider_eye":2,"minecraft:arrow":5},"minecraft:crafted":{"minecraft:oak_door":3,"minecraft:oak_planks":128,"minecraft:smooth_stone":2,"minecraft:stone_shovel":2,"minecraft:furnace":2,"minecraft:stone":2,"minecraft:bone_meal":12,"minecraft:cooked_mutton":1,"minecraft:glass_pane":16,"minecraft:glass":28,"minecraft:stone_pickaxe":1,"minecraft:chest":2,"cobblemon:azure_ball":8,"minecraft:stone_hoe":1,"minecraft:cooked_beef":5,"minecraft:crafting_table":2,"minecraft:wooden_pickaxe":1,"cobblemon:pc":1,"minecraft:copper_ingot":6,"minecraft:stone_axe":1,"minecraft:air":0,"minecraft:jungle_planks":36,"cobblemon:poke_ball":8,"minecraft:diamond_pickaxe":1,"minecraft:stick":56,"minecraft:iron_ingot":7,"minecraft:iron_pickaxe":1,"minecraft:stone_sword":1,"minecraft:white_bed":1,"minecraft:torch":20,"cobblemon:great_ball":4}},"DataVersion":3465}