{"stats":{"minecraft:killed":{"vampirism:vampire":1,"mca:male_zombie_villager":1,"minecraft:spider":1,"minecraft:skeleton":7,"minecraft:chicken":1,"treasure2:bound_soul":1,"minecraft:husk":3,"vampirism:task_master_vampire":1,"minecraft:pig":42,"minecraft:creeper":1,"minecraft:sheep":26,"minecraft:zombie":11,"minecraft:cow":35},"minecraft:crafted":{"minecraft:oak_planks":116,"minecraft:furnace":4,"minecraft:cobblestone_stairs":4,"minecraft:stone":120,"minecraft:bone_meal":3,"minecraft:glass_pane":16,"minecraft:glass":12,"minecraft:iron_boots":1,"locks:wood_lock_pick":8,"minecraft:iron_axe":2,"minecraft:stone_pickaxe":1,"minecraft:chest":2,"minecraft:dark_oak_planks":12,"treasure2:thiefs_lock_pick":3,"minecraft:cooked_beef":64,"minecraft:red_dye":22,"treasure2:treasure_tool":1,"minecraft:cooked_porkchop":52,"minecraft:crafting_table":2,"minecraft:spruce_planks":352,"locks:iron_lock_pick":2,"minecraft:wooden_pickaxe":1,"minecraft:iron_helmet":1,"minecraft:iron_sword":1,"minecraft:spruce_door":3,"minecraft:red_wool":21,"scalinghealth:heart_crystal":4,"minecraft:red_carpet":30,"minecraft:stone_axe":1,"minecraft:air":0,"minecraft:oak_boat":1,"minecraft:spruce_trapdoor":6,"minecraft:iron_chestplate":1,"minecraft:shield":1,"minecraft:stick":56,"minecraft:iron_ingot":39,"minecraft:iron_pickaxe":5,"minecraft:stone_sword":1,"minecraft:iron_shovel":1,"minecraft:iron_leggings":1,"minecraft:stonecutter":1,"minecraft:white_bed":1,"minecraft:torch":20,"minecraft:shears":1},"minecraft:dropped":{"minecraft:wheat_seeds":2,"minecraft:cobblestone":62,"minecraft:granite":2,"minecraft:coal":1,"treasure2:chipped_steel_short_sword":1,"minecraft:dirt":4,"treasure2:charm_book":1,"minecraft:iron_nugget":14,"chococraft:chocobo_feather":1,"minecraft:soul_lantern":2,"minecraft:light_gray_wool":2,"relics:out_runner":1,"minecraft:poppy":3,"minecraft:stone":1,"minecraft:shield":1,"minecraft:peony":1,"minecraft:oak_boat":1,"minecraft:wooden_pickaxe":1,"minecraft:stone_pickaxe":1,"minecraft:egg":2},"minecraft:broken":{"minecraft:stone_sword":1,"minecraft:iron_axe":1,"minecraft:stone_axe":1,"minecraft:iron_pickaxe":1},"minecraft:mined":{"minecraft:red_carpet":5,"minecraft:spruce_planks":89,"minecraft:white_bed":8,"minecraft:cobblestone_stairs":2,"minecraft:dark_oak_log":5,"minecraft:spruce_trapdoor":3,"minecraft:granite":1,"minecraft:grass_block":53,"minecraft:spruce_leaves":235,"treasure2:gravestone3_spawner_obsidian":1,"minecraft:spruce_sapling":6,"minecraft:furnace":3,"minecraft:iron_ore":50,"minecraft:gold_block":1,"minecraft:peony":1,"chococraft:gysahl_green":4,"minecraft:stone":545,"minecraft:spruce_door":4,"minecraft:crafting_table":10,"minecraft:torch":1,"minecraft:poppy":24,"minecraft:chest":2,"minecraft:rose_bush":1,"minecraft:glass":6,"minecraft:tall_grass":9,"minecraft:cobblestone":59,"minecraft:sugar_cane":2,"minecraft:oak_planks":19,"minecraft:wall_torch":4,"wrd:candle_wax_bits":1,"treasure2:ironbound_chest":1,"minecraft:spruce_log":189,"minecraft:birch_leaves":1,"minecraft:grass":75,"minecraft:oak_log":34,"minecraft:coal_ore":92,"wrd:open_chest_stronghold_library":5,"vampirism:fire_place":1,"minecraft:sand":68,"minecraft:dirt":49,"minecraft:stone_bricks":10,"minecraft:oak_leaves":69},"minecraft:used":{"treasure2:ironbound_chest":1,"minecraft:stone_sword":154,"minecraft:iron_shovel":113,"minecraft:chest":3,"minecraft:spruce_planks":410,"minecraft:shield":37,"minecraft:iron_sword":280,"minecraft:zombie_spawn_egg":1,"minecraft:torch":21,"minecraft:dirt":56,"scalinghealth:heart_crystal":4,"minecraft:mutton":4,"locks:iron_lock_pick":1,"minecraft:glass":6,"minecraft:dark_oak_planks":12,"minecraft:iron_axe":259,"minecraft:stone_bricks":94,"minecraft:red_carpet":33,"minecraft:beef":2,"minecraft:oak_sapling":2,"minecraft:furnace":6,"wrd:dungeon_pedestal":1,"minecraft:cooked_beef":28,"minecraft:cobblestone_stairs":2,"minecraft:spruce_door":8,"minecraft:stone_pickaxe":48,"minecraft:oak_planks":43,"treasure2:chipped_steel_short_sword":33,"minecraft:wooden_pickaxe":23,"minecraft:stonecutter":1,"minecraft:oak_leaves":6,"minecraft:white_wool":1,"minecraft:crafting_table":12,"treasure2:thiefs_lock_pick":1,"wrd:open_chest_stronghold_library":2,"minecraft:white_bed":10,"minecraft:shears":12,"minecraft:spruce_log":100,"minecraft:oak_log":5,"waystones:waystone":1,"minecraft:dark_oak_log":2,"minecraft:iron_pickaxe":750,"minecraft:spruce_trapdoor":9,"minecraft:spruce_sapling":34,"locks:wood_lock_pick":3,"wrd:candle_wax_bits":1,"minecraft:stone_axe":131,"wrd:cracked_time_stone":3,"minecraft:cobblestone":193,"minecraft:cooked_porkchop":33,"minecraft:glass_pane":16,"minecraft:oak_boat":1,"minecraft:bone_meal":3},"minecraft:custom":{"minecraft:interact_with_smithing_table":1,"minecraft:mob_kills":135,"minecraft:interact_with_crafting_table":86,"minecraft:leave_game":8,"minecraft:time_since_death":27846,"minecraft:climb_one_cm":958,"minecraft:sprint_one_cm":890480,"minecraft:walk_one_cm":1129118,"minecraft:damage_blocked_by_shield":2499,"minecraft:drop":23,"minecraft:deaths":3,"minecraft:sneak_time":802,"minecraft:walk_under_water_one_cm":10169,"minecraft:boat_one_cm":588,"minecraft:jump":8728,"minecraft:walk_on_water_one_cm":56443,"minecraft:interact_with_furnace":52,"minecraft:play_one_minute":401573,"minecraft:interact_with_stonecutter":6,"minecraft:sleep_in_bed":22,"minecraft:time_since_rest":27869,"minecraft:waystone_activated":2,"minecraft:damage_taken":6958,"minecraft:damage_dealt":20810,"minecraft:swim_one_cm":28399,"minecraft:fly_one_cm":1613456,"minecraft:open_chest":66,"minecraft:crouch_one_cm":534,"minecraft:fall_one_cm":254032},"minecraft:killed_by":{"minecraft:creeper":1,"minecraft:spider":1,"minecraft:zombie":1},"minecraft:picked_up":{"locks:wood_lock_pick":4,"wrd:open_chest_stronghold_library":7,"treasure2:stone_lock":2,"minecraft:crafting_table":10,"minecraft:iron_chestplate":3,"minecraft:azure_bluet":3,"relics:out_runner":1,"minecraft:chicken":1,"minecraft:lead":5,"treasure2:treasure_tool":1,"minecraft:gold_block":1,"treasure2:chipped_steel_short_sword":2,"minecraft:shield":3,"minecraft:string":5,"minecraft:iron_axe":1,"minecraft:iron_leggings":3,"minecraft:iron_shovel":1,"treasure2:silver_necklace":1,"minecraft:spruce_planks":87,"minecraft:beef":77,"minecraft:oak_boat":1,"minecraft:ender_eye":6,"minecraft:iron_nugget":28,"minecraft:poppy":25,"minecraft:iron_pickaxe":3,"minecraft:light_gray_wool":2,"wrd:cracked_time_stone":2,"minecraft:sugar_cane":1,"minecraft:chest":1,"minecraft:spruce_trapdoor":3,"minecraft:furnace":5,"minecraft:iron_boots":3,"minecraft:egg":6,"minecraft:stick":29,"minecraft:stone":1,"treasure2:pilferers_lock_pick":1,"minecraft:torch":22,"locks:iron_lock":2,"minecraft:fire_charge":2,"minecraft:porkchop":102,"treasure2:wood_lock":2,"minecraft:arrow":28,"minecraft:rotten_flesh":20,"minecraft:peony":1,"minecraft:mutton":36,"treasure2:silver_bracelet":1,"minecraft:blaze_powder":7,"minecraft:white_wool":25,"minecraft:cobblestone":1149,"minecraft:birch_log":1,"minecraft:cooked_beef":25,"minecraft:leather":78,"minecraft:flint":4,"minecraft:oak_log":40,"minecraft:gunpowder":2,"minecraft:cobblestone_stairs":6,"mca:book_romance":1,"minecraft:dirt":152,"minecraft:red_carpet":5,"chococraft:chocobo_feather":5,"minecraft:glass":40,"minecraft:bone":8,"minecraft:apple":6,"minecraft:stone_bricks":35,"minecraft:wheat_seeds":11,"minecraft:iron_ingot":34,"minecraft:iron_ore":59,"minecraft:iron_sword":2,"minecraft:oak_planks":24,"scalinghealth:heart_crystal_shard":56,"minecraft:cooked_porkchop":30,"vampirism:fire_place":2,"minecraft:red_wool":1,"minecraft:sand":102,"chococraft:gysahl_green_seeds":4,"minecraft:spruce_sapling":38,"minecraft:ink_sac":6,"minecraft:white_bed":9,"minecraft:spruce_log":188,"minecraft:spider_eye":2,"minecraft:dark_oak_log":5,"minecraft:spruce_door":8,"treasure2:copper_coin":2,"treasure2:thiefs_lock_pick":4,"treasure2:ironbound_chest":1,"minecraft:soul_lantern":4,"waystones:waystone":2,"minecraft:iron_helmet":2,"minecraft:granite":2,"scalinghealth:cursed_heart":3,"wrd:candle_wax_bits":2,"minecraft:oak_sapling":2,"minecraft:coal":128,"minecraft:oak_leaves":12,"treasure2:charm_book":1,"minecraft:ender_pearl":7}},"DataVersion":2586}