{"stats":{"minecraft:used":{"minecraft:stone_pickaxe":131,"minecraft:wooden_pickaxe":14,"scalinghealth:chance_heart":3,"minecraft:iron_sword":52,"minecraft:shield":6,"minecraft:torch":59,"minecraft:dirt":16,"minecraft:crafting_table":3,"minecraft:granite":2,"minecraft:apple":1,"scalinghealth:enchanted_heart":3,"minecraft:iron_pickaxe":49,"minecraft:light_gray_wool":2,"minecraft:cobblestone":10,"minecraft:furnace":1,"minecraft:oak_sapling":1,"minecraft:bone_meal":3},"minecraft:picked_up":{"minecraft:crafting_table":1,"locks:gold_lock_pick":3,"minecraft:feather":17,"relics:slime_heart":1,"vampirism:vampire_blood_bottle":1,"minecraft:chicken":19,"minecraft:andesite":3,"minecraft:leather":19,"minecraft:brown_wool":1,"minecraft:enchanted_book":1,"locks:iron_lock_pick":11,"minecraft:oak_log":18,"relics:spider_necklace":6,"minecraft:gunpowder":22,"scalinghealth:heart_crystal":2,"relics:midnight_robe":2,"vampirism:armor_of_swiftness_head_ultimate":1,"minecraft:lapis_lazuli":39,"vampirism:holy_water_bottle_normal":12,"minecraft:string":1,"relics:rune_of_sun":8,"minecraft:dirt":157,"relics:leather_belt":1,"relics:magic_mirror":3,"relics:rune_of_cold":5,"minecraft:name_tag":3,"chococraft:chocobo_feather":6,"minecraft:bone":11,"minecraft:apple":1,"vampirism:obi_belt":3,"minecraft:activator_rail":20,"minecraft:detector_rail":16,"locks:diamond_lock_pick":5,"vampirism:item_garlic":8,"minecraft:iron_ingot":16,"minecraft:beef":41,"locks:wood_lock_mechanism":7,"scalinghealth:chance_heart":6,"minecraft:iron_ore":49,"relics:infinity_ham":2,"relics:rune_of_air":5,"minecraft:light_gray_wool":5,"minecraft:glowstone_dust":1,"minecraft:minecart":4,"minecraft:powered_rail":12,"vampirism:holy_water_bottle_ultimate":22,"minecraft:chest":4,"vampirism:armor_of_swiftness_feet_ultimate":1,"minecraft:furnace":1,"relics:rune_of_explosion":1,"minecraft:stick":1,"scalinghealth:heart_crystal_shard":10,"relics:rune_of_luck":4,"minecraft:torch":134,"vampirism:ring":6,"minecraft:porkchop":64,"vampirism:holy_water_bottle_enhanced":13,"scalinghealth:enchanted_heart":8,"minecraft:ink_sac":36,"vampirism:vampire_fang":8,"vampirism:amulet":7,"locks:steel_lock_pick":6,"minecraft:pumpkin_seeds":14,"minecraft:arrow":21,"vampirism:blood_bottle":3,"minecraft:rotten_flesh":22,"minecraft:sugar":1,"minecraft:beetroot_seeds":2,"relics:spatial_sign":1,"locks:steel_lock_mechanism":2,"minecraft:granite":2,"minecraft:gray_wool":3,"minecraft:gold_ingot":8,"minecraft:bread":8,"chococraft:chocobo_drumstick_raw":3,"minecraft:oak_sapling":1,"minecraft:black_wool":2,"minecraft:melon_seeds":27,"minecraft:mutton":26,"minecraft:white_wool":8,"vampirism:heart_seeker_enhanced":3,"minecraft:coal":85,"minecraft:rail":168,"locks:iron_lock_mechanism":2,"minecraft:cobblestone":107},"minecraft:mined":{"minecraft:torch":2,"minecraft:crafting_table":1,"minecraft:granite":2,"minecraft:grass_block":4,"minecraft:wall_torch":10,"minecraft:furnace":1,"minecraft:iron_ore":49,"minecraft:coal_ore":49,"minecraft:oak_log":18,"minecraft:dirt":5,"minecraft:stone":90,"minecraft:oak_leaves":30},"minecraft:crafted":{"minecraft:oak_planks":56,"minecraft:wooden_pickaxe":1,"minecraft:crafting_table":4,"minecraft:iron_helmet":1,"minecraft:iron_sword":1,"minecraft:furnace":1,"minecraft:bone_meal":30,"minecraft:air":0,"minecraft:iron_boots":1,"minecraft:iron_chestplate":1,"minecraft:shield":1,"minecraft:stick":32,"minecraft:iron_ingot":30,"minecraft:iron_pickaxe":1,"minecraft:stone_pickaxe":1,"minecraft:iron_leggings":1,"minecraft:torch":92},"minecraft:killed_by":{"minecraft:creeper":3},"minecraft:killed":{"mca:female_zombie_villager":1,"vampirism:advanced_vampire":1,"minecraft:skeleton":2,"minecraft:zombie":7},"minecraft:custom":{"minecraft:interact_with_furnace":17,"minecraft:mob_kills":11,"minecraft:interact_with_crafting_table":21,"minecraft:play_one_minute":59619,"minecraft:time_since_death":2022,"minecraft:time_since_rest":2049,"minecraft:sprint_one_cm":84038,"minecraft:damage_taken":1796,"minecraft:walk_one_cm":93396,"minecraft:damage_blocked_by_shield":388,"minecraft:drop":24,"minecraft:damage_dealt":2461,"minecraft:swim_one_cm":673,"minecraft:fly_one_cm":101371,"minecraft:crouch_one_cm":1846,"minecraft:deaths":5,"minecraft:sneak_time":961,"minecraft:walk_under_water_one_cm":134,"minecraft:jump":930,"minecraft:walk_on_water_one_cm":8292,"minecraft:fall_one_cm":30589},"minecraft:dropped":{"minecraft:minecart":1,"minecraft:cobblestone":7,"minecraft:light_gray_wool":2,"minecraft:glowstone_dust":1,"vampirism:amulet":2,"minecraft:stick":1,"minecraft:dirt":52,"minecraft:gunpowder":11,"minecraft:ink_sac":18,"minecraft:andesite":3,"minecraft:sugar":1,"minecraft:string":1,"minecraft:white_wool":1},"minecraft:broken":{"minecraft:stone_pickaxe":1}},"DataVersion":2586}