{"stats":{"minecraft:used":{"minecraft:stone_pickaxe":131,"scalinghealth:chance_heart":3,"minecraft:iron_sword":5,"minecraft:torch":18,"minecraft:dirt":14,"minecraft:crafting_table":2,"minecraft:granite":2,"minecraft:apple":1,"scalinghealth:enchanted_heart":3,"minecraft:iron_pickaxe":45,"minecraft:light_gray_wool":2,"minecraft:cobblestone":10,"minecraft:furnace":1},"minecraft:picked_up":{"minecraft:crafting_table":1,"locks:gold_lock_pick":3,"relics:slime_heart":1,"minecraft:feather":17,"minecraft:chicken":19,"minecraft:andesite":3,"minecraft:leather":19,"minecraft:brown_wool":1,"minecraft:enchanted_book":1,"locks:iron_lock_pick":11,"minecraft:oak_log":10,"minecraft:gunpowder":22,"relics:magic_mirror":3,"relics:rune_of_sun":8,"scalinghealth:heart_crystal":2,"minecraft:dirt":151,"vampirism:holy_water_bottle_normal":12,"relics:midnight_robe":2,"minecraft:lapis_lazuli":39,"relics:spider_necklace":6,"vampirism:armor_of_swiftness_head_ultimate":1,"minecraft:string":1,"relics:leather_belt":1,"relics:rune_of_cold":5,"minecraft:name_tag":3,"chococraft:chocobo_feather":6,"minecraft:bone":10,"minecraft:apple":1,"vampirism:obi_belt":3,"minecraft:activator_rail":20,"minecraft:detector_rail":16,"locks:diamond_lock_pick":5,"minecraft:iron_ingot":16,"vampirism:item_garlic":8,"minecraft:beef":41,"locks:wood_lock_mechanism":7,"scalinghealth:chance_heart":6,"minecraft:iron_ore":46,"relics:infinity_ham":2,"vampirism:holy_water_bottle_ultimate":22,"minecraft:light_gray_wool":5,"minecraft:minecart":4,"minecraft:glowstone_dust":1,"minecraft:powered_rail":12,"relics:rune_of_air":5,"minecraft:chest":4,"vampirism:armor_of_swiftness_feet_ultimate":1,"minecraft:furnace":1,"relics:rune_of_explosion":1,"relics:rune_of_luck":4,"minecraft:torch":122,"vampirism:ring":6,"minecraft:porkchop":64,"vampirism:holy_water_bottle_enhanced":13,"scalinghealth:enchanted_heart":8,"minecraft:ink_sac":36,"vampirism:vampire_fang":8,"vampirism:amulet":7,"locks:steel_lock_pick":6,"vampirism:blood_bottle":3,"minecraft:pumpkin_seeds":14,"minecraft:arrow":18,"minecraft:sugar":1,"minecraft:rotten_flesh":19,"minecraft:beetroot_seeds":2,"relics:spatial_sign":1,"locks:steel_lock_mechanism":2,"minecraft:granite":2,"minecraft:gray_wool":3,"minecraft:gold_ingot":8,"minecraft:bread":8,"chococraft:chocobo_drumstick_raw":3,"minecraft:oak_sapling":1,"vampirism:heart_seeker_enhanced":3,"minecraft:black_wool":2,"minecraft:melon_seeds":27,"minecraft:mutton":26,"minecraft:white_wool":8,"minecraft:coal":85,"minecraft:rail":168,"locks:iron_lock_mechanism":2,"minecraft:cobblestone":93},"minecraft:mined":{"minecraft:crafting_table":1,"minecraft:granite":2,"minecraft:grass_block":1,"minecraft:furnace":1,"minecraft:iron_ore":46,"minecraft:coal_ore":49,"minecraft:oak_log":9,"minecraft:dirt":2,"minecraft:stone":78,"minecraft:oak_leaves":3},"minecraft:crafted":{"minecraft:oak_planks":24,"minecraft:crafting_table":2,"minecraft:iron_helmet":1,"minecraft:iron_sword":1,"minecraft:furnace":1,"minecraft:air":0,"minecraft:iron_boots":1,"minecraft:iron_chestplate":1,"minecraft:shield":1,"minecraft:stick":8,"minecraft:iron_ingot":30,"minecraft:iron_pickaxe":1,"minecraft:stone_pickaxe":1,"minecraft:iron_leggings":1},"minecraft:killed":{"minecraft:zombie":1},"minecraft:killed_by":{"minecraft:creeper":2},"minecraft:custom":{"minecraft:interact_with_furnace":17,"minecraft:mob_kills":1,"minecraft:interact_with_crafting_table":19,"minecraft:play_one_minute":47589,"minecraft:time_since_death":39199,"minecraft:time_since_rest":39240,"minecraft:sprint_one_cm":55574,"minecraft:damage_taken":1360,"minecraft:walk_one_cm":59802,"minecraft:drop":23,"minecraft:damage_dealt":207,"minecraft:swim_one_cm":673,"minecraft:fly_one_cm":75693,"minecraft:crouch_one_cm":1610,"minecraft:deaths":4,"minecraft:sneak_time":932,"minecraft:walk_under_water_one_cm":134,"minecraft:jump":738,"minecraft:walk_on_water_one_cm":5108,"minecraft:fall_one_cm":25377},"minecraft:dropped":{"minecraft:minecart":1,"minecraft:cobblestone":7,"minecraft:light_gray_wool":2,"minecraft:glowstone_dust":1,"vampirism:amulet":2,"minecraft:dirt":52,"minecraft:gunpowder":11,"minecraft:ink_sac":18,"minecraft:andesite":3,"minecraft:sugar":1,"minecraft:string":1,"minecraft:white_wool":1},"minecraft:broken":{"minecraft:stone_pickaxe":1}},"DataVersion":2586}