{"stats":{"minecraft:used":{"scalinghealth:chance_heart":3,"minecraft:dirt":12,"minecraft:crafting_table":1,"scalinghealth:enchanted_heart":3},"minecraft:picked_up":{"locks:gold_lock_pick":3,"relics:slime_heart":1,"minecraft:feather":17,"minecraft:chicken":19,"minecraft:andesite":3,"minecraft:leather":19,"minecraft:brown_wool":1,"minecraft:enchanted_book":1,"locks:iron_lock_pick":11,"minecraft:oak_log":10,"minecraft:gunpowder":22,"relics:magic_mirror":3,"relics:rune_of_sun":8,"scalinghealth:heart_crystal":2,"minecraft:dirt":114,"vampirism:holy_water_bottle_normal":12,"relics:midnight_robe":2,"minecraft:lapis_lazuli":39,"relics:spider_necklace":6,"vampirism:armor_of_swiftness_head_ultimate":1,"minecraft:string":1,"relics:leather_belt":1,"relics:rune_of_cold":3,"minecraft:name_tag":3,"chococraft:chocobo_feather":6,"minecraft:bone":10,"minecraft:apple":1,"vampirism:obi_belt":3,"minecraft:activator_rail":20,"minecraft:detector_rail":16,"locks:diamond_lock_pick":5,"minecraft:iron_ingot":13,"vampirism:item_garlic":8,"minecraft:beef":41,"locks:wood_lock_mechanism":7,"scalinghealth:chance_heart":6,"relics:infinity_ham":2,"vampirism:holy_water_bottle_ultimate":22,"minecraft:light_gray_wool":3,"minecraft:minecart":4,"minecraft:glowstone_dust":1,"minecraft:powered_rail":12,"relics:rune_of_air":5,"minecraft:chest":4,"vampirism:armor_of_swiftness_feet_ultimate":1,"relics:rune_of_explosion":1,"relics:rune_of_luck":4,"minecraft:torch":121,"vampirism:ring":6,"minecraft:porkchop":64,"vampirism:holy_water_bottle_enhanced":13,"scalinghealth:enchanted_heart":8,"minecraft:ink_sac":18,"vampirism:vampire_fang":8,"vampirism:amulet":7,"locks:steel_lock_pick":6,"vampirism:blood_bottle":3,"minecraft:pumpkin_seeds":14,"minecraft:arrow":18,"minecraft:sugar":1,"minecraft:rotten_flesh":17,"minecraft:beetroot_seeds":2,"relics:spatial_sign":1,"locks:steel_lock_mechanism":2,"minecraft:gray_wool":3,"minecraft:gold_ingot":8,"minecraft:bread":8,"chococraft:chocobo_drumstick_raw":3,"minecraft:oak_sapling":1,"vampirism:heart_seeker_enhanced":3,"minecraft:black_wool":2,"minecraft:melon_seeds":27,"minecraft:mutton":26,"minecraft:white_wool":8,"minecraft:coal":36,"minecraft:rail":168,"locks:iron_lock_mechanism":2,"minecraft:cobblestone":8},"minecraft:mined":{"minecraft:oak_log":9,"minecraft:dirt":1,"minecraft:oak_leaves":3},"minecraft:crafted":{"minecraft:oak_planks":24,"minecraft:crafting_table":1,"minecraft:stick":4,"minecraft:stone_pickaxe":1},"minecraft:killed_by":{"minecraft:creeper":2},"minecraft:custom":{"minecraft:interact_with_crafting_table":2,"minecraft:play_one_minute":23589,"minecraft:time_since_death":15199,"minecraft:time_since_rest":15240,"minecraft:sprint_one_cm":31133,"minecraft:damage_taken":970,"minecraft:walk_one_cm":34024,"minecraft:drop":14,"minecraft:swim_one_cm":673,"minecraft:fly_one_cm":48931,"minecraft:crouch_one_cm":374,"minecraft:deaths":4,"minecraft:sneak_time":337,"minecraft:walk_under_water_one_cm":134,"minecraft:jump":347,"minecraft:walk_on_water_one_cm":2491,"minecraft:fall_one_cm":11411},"minecraft:dropped":{"vampirism:amulet":2,"minecraft:gunpowder":11,"minecraft:andesite":3}},"DataVersion":2586}