{
  "uuid": "c1bf5c9e-92c3-323a-b59a-b93c554a0e29",
  "starterPrompted": true,
  "starterLocked": false,
  "starterSelected": true,
  "starterUUID": "9543c7cb-e405-4919-ab25-0c4c2feda355",
  "keyItems": [],
  "battleTheme": "cobblemon:battle.pvp.default",
  "extraData": {
    "cobbledex_discovery": {
      "registers": {
        "rowlet": {
          "normal": {
            "isShiny": false,
            "status": "CAUGHT",
            "discoveredTimestamp": 1726042881148,
            "caughtTimestamp": 1726042881148
          }
        },
        "diggersby": {
          "normal": {
            "isShiny": false,
            "status": "CAUGHT",
            "discoveredTimestamp": 1726049223942,
            "caughtTimestamp": 1726049223942
          }
        },
        "bunnelby": {
          "normal": {
            "isShiny": false,
            "status": "CAUGHT",
            "discoveredTimestamp": 1726049279199,
            "caughtTimestamp": 1726049279199
          }
        },
        "oinkologne": {
          "normal": {
            "isShiny": false,
            "status": "CAUGHT",
            "discoveredTimestamp": 1726126101553,
            "caughtTimestamp": 1726126101553
          }
        },
        "phantump": {
          "normal": {
            "isShiny": false,
            "status": "CAUGHT",
            "discoveredTimestamp": 1726126946299,
            "caughtTimestamp": 1726126946299
          }
        },
        "buneary": {
          "normal": {
            "isShiny": false,
            "status": "CAUGHT",
            "discoveredTimestamp": 1726127204092,
            "caughtTimestamp": 1726127204092
          }
        },
        "pidgey": {
          "normal": {
            "isShiny": false,
            "status": "CAUGHT",
            "discoveredTimestamp": 1726127262945,
            "caughtTimestamp": 1726127262945
          }
        },
        "vulpix": {
          "normal": {
            "isShiny": false,
            "status": "CAUGHT",
            "discoveredTimestamp": 1726127977995,
            "caughtTimestamp": 1726127977995
          }
        },
        "taillow": {
          "normal": {
            "isShiny": false,
            "status": "CAUGHT",
            "discoveredTimestamp": 1726128040341,
            "caughtTimestamp": 1726128040341
          }
        },
        "shellder": {
          "normal": {
            "isShiny": false,
            "status": "CAUGHT",
            "discoveredTimestamp": 1726129104099,
            "caughtTimestamp": 1726129104099
          }
        },
        "basculin": {
          "bluestriped": {
            "isShiny": false,
            "status": "CAUGHT",
            "discoveredTimestamp": 1726254022648,
            "caughtTimestamp": 1726254022648
          }
        },
        "heracross": {
          "normal": {
            "isShiny": false,
            "status": "CAUGHT",
            "discoveredTimestamp": 1726255096012,
            "caughtTimestamp": 1726255096012
          }
        },
        "lapras": {
          "normal": {
            "isShiny": false,
            "status": "CAUGHT",
            "discoveredTimestamp": 1726289114495,
            "caughtTimestamp": 1726289114495
          }
        }
      },
      "name": "cobbledex_discovery"
    },
    "Cobbledex_RewardHistory": {
      "received": [],
      "name": "Cobbledex_RewardHistory"
    }
  },
  "advancementData": {
    "totalCaptureCount": 12,
    "totalEggsHatched": 0,
    "totalEvolvedCount": 0,
    "totalBattleVictoryCount": 22,
    "totalPvPBattleVictoryCount": 1,
    "totalPvWBattleVictoryCount": 17,
    "totalPvNBattleVictoryCount": 4,
    "totalShinyCaptureCount": 0,
    "totalTradedCount": 0,
    "totalTypeCaptureCounts": {
      "normal": 6,
      "ground": 1,
      "ghost": 1,
      "grass": 1,
      "flying": 2,
      "fire": 1,
      "water": 3,
      "bug": 1,
      "fighting": 1,
      "ice": 1
    },
    "totalDefeatedCounts": {
      "cobblemon:stufful": 1,
      "cobblemon:bellsprout": 1,
      "cobblemon:caterpie": 1,
      "cobblemon:bounsweet": 1,
      "cobblemon:weedle": 1,
      "cobblemon:rattata": 1,
      "cobblemon:taillow": 1
    },
    "aspectsCollected": {}
  }
}